col1_query_en,col2_conflict_en,col3_entail1_en,col4_entail2_en,col5_entail3_en,col6_query_atoms,col7_conflict_atoms,col8_entail1_atoms,col9_entail2_atoms,col10_entail3_atoms,col11_query_negations
"On-site General Commander: For Level II response activation, the head of the Passenger Service Department serves as the on-site general commander. Before the on-site general commander arrives at the scene, the station master or station duty master (the highest-ranking person on-site) shall assume the role.","On-site General Commander: For Level II response activation, the head of the Passenger Service Department serves as the on-site general commander. Before the on-site general commander arrives at the scene, the station master, station duty master (the highest-ranking person on-site), Ticketing Center head, or ACC system engineer (the highest-ranking person on-site) shall assume the role.","On-site General Commander: For Level II response activation, the head of the Passenger Service Department serves as the on-site general commander. Before the on-site general commander arrives at the scene, the station master or station duty master (the highest-ranking person on-site) shall assume the role.","When a Level II response is activated, if the emergency general commander has not arrived, the duty director shall exercise command authority and hand it over upon arrival.","If multiple stations experience different levels of AFC system large-scale failures, a Level II response shall be activated according to the 'higher rather than lower' principle.","['For Level II response activation, the head of the Passenger Service Department serves as the on-site general commander.', 'Before the on-site general commander arrives, the station master or station duty master (the highest-ranking person on-site) assumes the role.']","['For Level II response activation, the head of the Passenger Service Department serves as the on-site general commander.', 'Before the on-site general commander arrives, the station master or station duty master assumes the role.', 'The Ticketing Center head or ACC system engineer can also assume the command role before the general commander arrives.']","['For Level II response activation, the head of the Passenger Service Department serves as the on-site general commander.', 'Before the on-site general commander arrives, the station master or station duty master (the highest-ranking person on-site) assumes the role.']","['If the emergency general commander is absent during a Level II response, the duty director exercises command authority.', 'Command authority is handed over once the emergency general commander arrives.']","['A Level II response is activated if multiple stations have AFC failures of different levels.', 'The activation follows the principle of choosing the highest applicable response level.']","[['For Level II response activation, the head of the Maintenance Department serves as the on-site general commander.', 'The head of the Passenger Service Department is prohibited from serving as the on-site general commander for Level II responses.', 'The head of the Passenger Service Department only serves as the on-site general commander for Level III responses, not Level II.'], ['Before the on-site general commander arrives, the role is assumed by the Dispatcher rather than the station master or station duty master.', 'The station master and station duty master are strictly forbidden from assuming the role of commander before the primary commander arrives.', 'The station master only assumes the role if the station duty master is also absent.']]"
"Single-station testing: After passing the simulation test at the Simulation Test Center, the upgrade person-in-charge of the Ticketing Center of the Passenger Service Department submits the 'AFC System Parameter Issuance and Software Upgrade Application Form' (Appendix C of the AFC System Operational Parameter Issuance and Software Upgrade Management Regulations) and the simulation test records. The head of the Ticketing Center of the Passenger Service Department approves the AFC system software upgrade.","For AFC system software upgrades, Level II software upgrades are proposed by the production system software requirement department. After review and joint signature by relevant units and departments, they are reported to the Quality and Safety Department for approval before implementation.","Single-station testing: After passing the simulation test at the Simulation Test Center, the upgrade person-in-charge of the Ticketing Center of the Passenger Service Department submits the 'AFC System Parameter Issuance and Software Upgrade Application Form' (Appendix C of the AFC System Operational Parameter Issuance and Software Upgrade Management Regulations) and the simulation test records. The head of the Ticketing Center of the Passenger Service Department approves the AFC system software upgrade.","The Passenger Service Department is responsible for the approval and issuance of single-station testing, joint integration testing, and line-wide promotion of AFC system parameter issuance and software upgrades.","Before line-wide promotion, the upgrade person-in-charge of the Ticketing Center of the Passenger Service Department submits the 'AFC System Parameter Issuance and Software Upgrade Application Form (Line-wide)' and all test records. Operator information and blacklist parameters are approved by the head of the Ticketing Center of the Passenger Service Department.","['Single-station testing is conducted only after passing the test at the Simulation Test Center.', 'The upgrade person-in-charge of the Ticketing Center (Passenger Service Department) submits the application form and test records.', 'The upgrade application must comply with Appendix C of the AFC System Operational Parameter Issuance and Software Upgrade Management Regulations.', 'The head of the Ticketing Center of the Passenger Service Department approves the AFC system software upgrade for single-station testing.']","['Level II software upgrades are proposed by the production system software requirement department.', 'Level II upgrades require review and joint signatures by relevant units and departments.', 'The Quality and Safety Department approves Level II software upgrades before implementation.']","['Single-station testing is conducted only after passing the test at the Simulation Test Center.', 'The upgrade person-in-charge of the Ticketing Center (Passenger Service Department) submits the application form and test records.', 'The upgrade application must comply with Appendix C of the AFC System Operational Parameter Issuance and Software Upgrade Management Regulations.', 'The head of the Ticketing Center of the Passenger Service Department approves the AFC system software upgrade for single-station testing.']","['The Passenger Service Department oversees the approval process for all stages including single-station, joint testing, and line-wide promotion.', 'The Passenger Service Department is responsible for issuing the parameters and software at all stages.']","['A specific line-wide application form and all test records are required before full promotion.', 'Operator information parameters for full promotion are approved by the head of the Ticketing Center.', 'Blacklist parameters for full promotion are approved by the head of the Ticketing Center.']","[['Single-station testing can proceed even if the simulation test at the Simulation Test Center has not passed.', 'Simulation testing is not a prerequisite for initiating single-station testing procedures.', 'Single-station testing is authorized to start simultaneously with the simulation test process.'], ['The Simulation Test Center staff, rather than the Ticketing Center upgrade person-in-charge, submits the application.', 'The upgrade person-in-charge of the Ticketing Center is restricted from submitting any software upgrade applications.', 'The maintenance department head is responsible for submitting the application form and records for single-station testing.'], ['The upgrade application for single-station testing must use Appendix B instead of Appendix C.', 'There is no requirement to follow any specific Appendix for the single-station testing application.', 'Appendix C is strictly reserved for line-wide promotion and cannot be used for single-station testing.'], ['The head of the Quality and Safety Department is the only authority allowed to approve single-station software upgrades.', 'Approval for single-station testing upgrades must be granted by the ACC system engineer, not the Ticketing Center head.', 'The head of the Ticketing Center only reviews the application and does not have approval authority for software upgrades.']]"
"In general, except for emergency repairs, Level II hot work is prohibited during operation periods.","In principle, A1, A2, A3, and C1 class construction works are not allowed to be carried out during operation hours.","In general, except for emergency repairs, Level II hot work is prohibited during operation periods.","Stations shall conduct daily fire inspections during operation periods strictly in accordance with regulations, and the fire inspection records shall be filled out and signed by the station duty master. During operation periods, fire inspections shall be conducted at least every two hours; additional inspections must be conducted once after operation ends and once before operation begins.",Level I hot work is strictly prohibited within the main line area during operation periods.,"['Level II hot work is prohibited during operation periods.', 'Emergency repairs are an exception to the prohibition of Level II hot work during operation.']","['A1, A2, and A3 class construction works are not allowed during operation hours.', 'C1 class construction work is not allowed during operation hours.']","['Level II hot work is prohibited during operation periods.', 'Emergency repairs are an exception to the prohibition of Level II hot work during operation.']","['Stations must conduct daily fire inspections during operation periods.', 'The station duty master is responsible for fire inspection records.', 'Fire inspections occur at least every two hours during operation.', 'Fire inspections are required once after operation ends and once before it begins.']",['Level I hot work is strictly prohibited in the main line area during operation.'],"[['Level II hot work is permitted at any time during operation periods without restriction.', 'Level II hot work is only prohibited during non-operation hours, while it is allowed during operation.', 'There are no regulations prohibiting Level II hot work during the operation period of the metro.'], ['Emergency repairs are not exempt and are also prohibited from involving Level II hot work during operation.', 'Routine maintenance, rather than emergency repairs, is the only exception allowed for Level II hot work during operation.', 'Level II hot work is strictly forbidden during operation even if it is for emergency repair purposes.']]"
"(4.1 Risk Sources - Communication Specialty) only includes transmission system and wireless system failures caused by system vulnerabilities, computer viruses, network attacks, network intrusions, etc.","(4.1 Risk Sources - Communication Specialty) includes failures of the transmission system, wireless system, and OA system caused by system vulnerabilities, computer viruses, network attacks, network intrusions, etc., as well as the broadcasting of sensitive or prohibited information by PIS, DAS, and PA systems due to the same causes.","(4.1 Risk Sources - Communication Specialty) only includes transmission system and wireless system failures caused by system vulnerabilities, computer viruses, network attacks, network intrusions, etc.","(4.2 Risk Sources - AFC Specialty Risk Analysis) System vulnerabilities, computer viruses, network attacks, illegal operations, etc., affecting passenger ticket purchase and inspection or leading to data tampering, leakage, or loss; virus propagation leading to infections in other computers on the network, causing a large-scale paralysis of the AFC network system; hardware failure or human sabotage leading to equipment damage or network failure, making the AFC system unavailable.","Power Supply Specialty Risk Analysis: System vulnerabilities, computer viruses, network attacks, network intrusions, etc., leading to power supply system failures and affecting train operations.","['The risk sources for the Communication Specialty are identified in section 4.1.', 'The identified causes include system vulnerabilities, computer viruses, network attacks, and network intrusions.', 'The scope of impact is limited only to transmission system failures.', 'The scope of impact is limited only to wireless system failures.']","['The risk sources in section 4.1 include the OA system in addition to transmission and wireless systems.', 'The risk sources also include PIS, DAS, and broadcasting systems playing sensitive or illegal information.', 'The same causes (vulnerabilities, viruses, etc.) lead to these additional risks.']","['The risk sources for the Communication Specialty are identified in section 4.1.', 'The identified causes include system vulnerabilities, computer viruses, network attacks, and network intrusions.', 'The scope of impact is limited only to transmission system failures.', 'The scope of impact is limited only to wireless system failures.']","['AFC Specialty risk analysis involves vulnerabilities, viruses, and illegal operations.', 'Risks include impact on ticket purchase, data tampering, and large-scale network paralysis.', 'Hardware failure or sabotage can make the AFC system unavailable.']","['Power supply risks involve vulnerabilities and network attacks.', 'These risks lead to power system failures that affect train operations.']","[['The risk sources for the Communication Specialty are defined in **section 5.3** instead of section 4.1.', 'Section 4.1 is dedicated to **AFC Specialty risks**, and communication risks are not mentioned there.', 'There are **no specific risk sources** identified for the Communication Specialty in the current document.'], ['The identified causes exclude digital threats and focus **only on physical equipment aging**.', 'Network attacks and intrusions are **not considered** primary risk sources for communication systems.', 'The causes are limited to **natural disasters** rather than vulnerabilities or computer viruses.'], [""The scope of impact **includes the OA system**, making the 'only transmission system' claim incorrect."", 'Transmission system failures are **unlikely** to be caused by network intrusions in this environment.', 'The transmission system is **completely immune** to vulnerabilities and computer viruses.'], ['The scope of impact **includes PIS and broadcasting systems**, contradicting the limitation to only wireless systems.', 'Wireless system failures are categorized as **hardware risks** rather than communication specialty risks.', 'The wireless system is **not part** of the identified scope of impact for communication vulnerabilities.']]"
"The General Office carries out emergency news release and public opinion guidance for network security emergencies. Without approval, relevant units shall not release relevant information on their own.",The on-site emergency command center is responsible for on-site emergency response command according to the plan; it is also responsible for handling media interviews and ensuring public opinion control and external information release.,"The General Office carries out emergency news release and public opinion guidance for network security emergencies. Without approval, relevant units shall not release relevant information on their own.","The General Office is responsible for public opinion response, public opinion guidance, and external information release, as well as logistics support during the emergency handling of network security incidents, and coordinating efforts to maintain stability.","Article 1: This emergency plan is formulated to effectively prevent and handle network emergencies, improve the capability and level of prevention and control, reduce or eliminate the hazards and impacts of emergencies, and ensure the network and information security of the Group.","['The General Office carries out emergency news release for network security emergencies.', 'The General Office carries out public opinion guidance for network security emergencies.', 'Relevant units shall not release relevant information without approval.']","['The on-site emergency command center is responsible for on-site command according to the plan.', 'The on-site command center handles media interviews.', 'The on-site command center is responsible for public opinion control and external information release.']","['The General Office carries out emergency news release for network security emergencies.', 'The General Office carries out public opinion guidance for network security emergencies.', 'Relevant units shall not release relevant information without approval.']","['The General Office handles public opinion response and guidance.', 'The General Office handles external information release.', 'The General Office provides logistics support for network security emergency handling.', 'The General Office coordinates stability maintenance.']","['This emergency plan aims to prevent and handle network emergencies.', 'This emergency plan aims to improve prevention and control capabilities.', 'This emergency plan aims to ensure group network and information security.']","[['The General Office is strictly prohibited from participating in emergency news releases for network security emergencies.', 'The Marketing Department, rather than the General Office, carries out emergency news releases for network security emergencies.', 'Emergency news releases for network security emergencies are handled by external PR firms instead of the internal General Office.'], ['The General Office does not handle public opinion guidance for network security emergencies; it only handles internal technical reports.', 'Public opinion guidance for network security emergencies is the sole responsibility of the Public Security Bureau, not the General Office.', 'The General Office is restricted from intervening in public opinion guidance during network security emergencies.'], ['Relevant units are encouraged to release information regarding network security emergencies to the public immediately without waiting for approval.', 'All departments have the autonomy to publish network security incident information without seeking prior approval from any office.', 'It is mandatory for relevant units to disclose all incident details to the media independently, regardless of official approval status.']]"
"...Point-to-point mode trains shall stop before the signal and switch to NRM mode to pass the red light at a speed limit of 30 km/h. ""When the axle counter pre-reset fails, subsequent point-to-point trains shall pass the red light at a speed limit of 60 km/h to the next station to restore normal mode.""","...Point-to-point mode trains shall stop before the signal and switch to NRM/RM mode to pass the red light at a speed limit. ""When the axle counter pre-reset fails, subsequent point-to-point mode trains shall stop before the signal and switch to NRM/RM to pass the red light at a speed limit to the next station to restore normal mode.""","...Point-to-point mode trains shall stop before the signal and switch to NRM mode to pass the red light at a speed limit of 30 km/h. ""When the axle counter pre-reset fails, subsequent point-to-point trains shall pass the red light at a speed limit of 60 km/h to the next station to restore normal mode.""","After repair personnel reach the designated train, they shall record and analyze the failure information according to the 'Signaling Equipment Failure On-site Treatment Plan'.",Signaling professionals from the maintenance unit are responsible for guiding the failure repair work and reporting the failure summary to the on-site general commander.,"['Point-to-point mode trains must stop before the signal when encountering a red light.', 'Point-to-point mode trains must switch to NRM mode to pass the red light.', 'Point-to-point mode trains are limited to 30 km/h when passing the red light in NRM mode.', 'If axle counter pre-reset fails, subsequent point-to-point trains pass the red light at a speed limit of 60 km/h.', 'These trains (after pre-reset failure) restore normal mode at the next station.']","['Point-to-point mode trains stop before the signal and switch to NRM/RM mode.', 'These trains pass the red light at a speed limit (unspecified value).', 'If axle counter pre-reset fails, subsequent point-to-point trains stop before the signal.', 'These trains switch to NRM/RM to pass the red light to the next station.']","['Point-to-point mode trains must stop before the signal when encountering a red light.', 'Point-to-point mode trains must switch to NRM mode to pass the red light.', 'Point-to-point mode trains are limited to 30 km/h when passing the red light in NRM mode.', 'If axle counter pre-reset fails, subsequent point-to-point trains pass the red light at a speed limit of 60 km/h.', 'These trains (after pre-reset failure) restore normal mode at the next station.']","['Repair personnel record failure information after reaching the train.', ""Repair personnel analyze failure information according to the 'Signaling Equipment Failure On-site Treatment Plan'.""]","['Maintenance signaling professionals guide the repair work.', 'Maintenance signaling professionals report the failure summary to the on-site general commander.']","[['Point-to-point mode trains are permitted to pass a red light without stopping first.', 'Stopping before the signal is optional for point-to-point mode trains during a red light event.', 'Point-to-point mode trains must maintain their speed rather than stopping when approaching a red light signal.'], ['Point-to-point mode trains must switch to RM mode instead of NRM mode to pass the red light.', 'Trains are strictly forbidden from switching to NRM mode when passing a red light.', 'Point-to-point mode trains must remain in Point-to-point mode while passing the red light.'], ['Point-to-point mode trains passing a red light in NRM mode are limited to 15 km/h.', 'There is no speed limit for point-to-point mode trains passing a red light in NRM mode.', 'Point-to-point mode trains are allowed to travel at 50 km/h when passing a red light in NRM mode.'], ['If axle counter pre-reset fails, subsequent point-to-point trains are restricted to 10 km/h rather than 60 km/h.', 'Subsequent trains must wait for a full reset and are not allowed to pass the red light even at 60 km/h.', 'If axle counter pre-reset fails, subsequent trains must stop and stay at the signal indefinitely.'], ['Trains must restore normal mode immediately after passing the red light rather than at the next station.', 'Normal mode cannot be restored until the train reaches the terminal station.', 'Normal mode restoration is handled by the OCC remotely and does not depend on reaching the next station.']]"
"When the water accumulation on the road outside the station entrance is about to reach the top step of the entrance and shows a continuous rising trend, the entrance shall be closed immediately.","When the water accumulation on the road outside the station entrance is about to reach the Level I flood control warning line of the entrance and shows a continuous rising trend, the entrance shall be closed immediately.","When the water accumulation on the road outside the station entrance is about to reach the top step of the entrance and shows a continuous rising trend, the entrance shall be closed immediately.","The passenger evacuation group shall, based on the incident site conditions and traffic organization adjustment requirements, promptly perform passenger organization tasks such as evacuation guidance, crowd control, ticket processing, and bus bridging at the scene, guiding passengers to evacuate from the incident site in an organized and orderly manner.","Station and track area water backflow refers to rainwater, etc., flowing into the station and track area through entrances, ventilation pavilions, transition section openings, etc., resulting in water accumulation soaking the station's public areas or overflowing the rail surface.","['Water accumulation outside the station entrance is about to reach the top step of the entrance.', 'The water level shows a continuous rising trend.', 'The entrance must be closed immediately when these conditions are met.']","['Water accumulation outside the station entrance is about to reach the Level I flood control warning line.', 'The water level shows a continuous rising trend.', 'The entrance must be closed immediately when these conditions are met.']","['Water accumulation outside the station entrance is about to reach the top step of the entrance.', 'The water level shows a continuous rising trend.', 'The entrance must be closed immediately when these conditions are met.']","['The evacuation group manages crowd control and guidance based on site needs.', 'The evacuation group handles ticketing and bus bridge logistics.', 'The evacuation group ensures an organized and orderly departure from the scene.']","['Water backflow occurs via entrances, vents, or transition openings.', 'Backflow causes flooding in public areas or submerges the rails.']","[['The closure trigger is defined by the Level I flood control warning line rather than the height of the top step.', 'The entrance should remain open until the water level reaches the designated safety warning marker, ignoring the top step position.', 'Operational protocols mandate that the official flood prevention depth indicator, not the top step, determines the closure.'], ['The entrance must be closed once the water reaches the threshold, regardless of whether there is a continuous rising trend.', 'A rising trend is not required for closure; the static water level relative to the entrance markings is the sole criterion.', 'If the water level reaches the top step, the entrance must be closed even if the water level is currently receding.'], ['Immediate closure is prohibited; staff must first install flood barriers and wait for instructions from the flood control center.', 'Instead of closing the entrance immediately, staff should focus on deploying sandbags until the Level I warning line is breached.', 'The entrance must stay open for passenger evacuation until the water actually begins to overflow into the station interior.']]"
The On-site Disposal Plan for Passenger Operation of Emergency Devices applies to the on-site emergency response by S2 line drivers when passengers operate emergency devices during mainline operations.,The On-site Disposal Plan for Passenger Operation of Emergency Devices applies to the on-site response work when passengers operate emergency devices in stations or depots.,The On-site Disposal Plan for Passenger Operation of Emergency Devices applies to the on-site emergency response by S2 line drivers when passengers operate emergency devices during mainline operations.,"When a passenger operation of an emergency device occurs, the on-site emergency team is automatically established.","When a passenger accidental injury event occurs at a station or on a train, this on-site disposal plan is activated; it is terminated after the injured passenger leaves the station on their own or is sent to a hospital.","['The plan applies to the on-site emergency response by S2 line drivers.', 'The plan applies when passengers operate emergency devices.', 'The plan applies specifically during mainline operations.']","['The plan applies to the on-site response work in stations.', 'The plan applies to the on-site response work in depots.', 'The plan applies when passengers operate emergency devices.']","['The plan applies to the on-site emergency response by S2 line drivers.', 'The plan applies when passengers operate emergency devices.', 'The plan applies specifically during mainline operations.']",['The on-site emergency team is automatically established upon the incident occurrence.'],"['The plan activates for passenger accidental injuries at stations or on trains.', 'The plan terminates when the injured passenger leaves or is hospitalized.']","[['The plan is designed for **station staff or depot personnel** to handle emergency device operations, not drivers.', 'Responsibility for handling these incidents lies with the **OCC dispatchers**, excluding drivers from the on-site response role.', 'Drivers are **prohibited** from intervening; the plan designates station security as the primary responders.'], ['The plan applies exclusively to incidents occurring in **stations or depots**, not during mainline operations.', 'This specific disposal plan is valid only for **trains parked in the depot**, not for trains in active mainline service.', 'The procedures described are for **platform-based emergencies**, whereas mainline incidents follow a separate protocol.']]"
"Regarding the on-site disposal procedure for passenger operation of emergency devices, the station duty master or the regional (deputy) station master shall arrive at the corresponding position on the platform, understand the on-site situation from the driver, and cooperate with the driver in handling the situation.","Regarding the on-site disposal procedure for passenger accidental injury events at the station (including trains stopping at the platform), the Passenger Service Department - station duty master (station master) shall arrive at the scene to organize and command all on-site posts to carry out emergency disposal.","Regarding the on-site disposal procedure for passenger operation of emergency devices, the station duty master or the regional (deputy) station master shall arrive at the corresponding position on the platform, understand the on-site situation from the driver, and cooperate with the driver in handling the situation.","When a passenger operates the door emergency unlocking device, the duty officer (traffic) shall, upon receiving the order from the traffic dispatcher, immediately notify the station duty master and the rail transit police to go to the scene.","Regarding the on-site disposal procedure for passenger operation of emergency devices, if the incident occurs in the station platform area and a passenger falls into the track area, personnel shall enter the track area to remove the person according to the traffic dispatcher's order.","['The procedure applies to the on-site disposal of passenger operation of emergency devices.', 'The station duty master or regional (deputy) station master must arrive at the corresponding platform position.', 'The master must understand the situation from the driver.', 'The master must cooperate with the driver to handle the situation.']","['The procedure applies to passenger accidental injury events at the station.', 'The procedure applies when trains stop at the platform.', 'The station duty master (station master) arrives at the scene.', 'The station duty master organizes and commands all posts for emergency disposal.']","['The procedure applies to the on-site disposal of passenger operation of emergency devices.', 'The station duty master or regional (deputy) station master must arrive at the corresponding platform position.', 'The master must understand the situation from the driver.', 'The master must cooperate with the driver to handle the situation.']","['The event involves a passenger operating the door emergency unlocking device.', 'The duty officer (traffic) receives an order from the traffic dispatcher.', 'The duty officer notifies the station duty master.', 'The duty officer notifies the rail transit police to go to the scene.']","['The procedure applies if the incident is in the station platform area.', 'The procedure applies if a passenger falls into the track area.', ""Personnel enter the track area based on the traffic dispatcher's order."", 'Personnel remove the person from the track area.']","[['The procedure applies to **passenger accidental injury events** rather than the operation of emergency devices.', 'This protocol is for **trains passing through without stopping**, not for device operations at the platform.', 'The procedure is strictly for **staff-operated** emergency tests, not passenger actions.'], ['The station duty master is required to remain in the **control room** rather than going to the platform.', 'Only **security guards**, not the station duty master, are authorized to approach the platform position.', 'The regional station master must wait at the **station entrance** instead of the platform.'], ['The master must **independently assess** the situation without consulting the driver.', 'The master relies solely on **CCTV footage** to understand the situation, bypassing the driver.', 'The driver is **prohibited** from communicating with the station master regarding the on-site situation.'], ['The master must **organize and command** the driver rather than merely cooperating.', ""The master assumes **sole decision-making authority**, replacing the driver's role in the handling process."", 'The master is responsible for **evacuating passengers immediately**, rather than assisting the driver with the device.']]"
"Emergency Command Center members: Dispatch department staff on duty, leaders in charge, deputy general manager in charge (maintenance unit), heads (deputy heads) of each department, and relevant professional management engineers.","Emergency Command Center members: Composed of the Duty Director, deputy general manager in charge (maintenance unit), and the head of the Dispatch Department.","Emergency Command Center members: Dispatch department staff on duty, leaders in charge, deputy general manager in charge (maintenance unit), heads (deputy heads) of each department, and relevant professional management engineers.","Location: Operations Control Center (OCC). General Commander: Served by the General Manager. Before arrival, the Duty Director exercises command authority; authority is handed over upon arrival.","On-site General Commander: Served by the emergency shift leader of the day or the deputy general manager in charge. Before arrival, the station master or station duty master (the highest-ranking person on-site) assumes the role; authority is handed over upon arrival.","['The Emergency Command Center includes all dispatch department staff on duty.', 'The Emergency Command Center includes leaders in charge.', 'The Emergency Command Center includes the deputy general manager in charge (maintenance unit).', 'The Emergency Command Center includes heads and deputy heads of each department.', 'The Emergency Command Center includes relevant professional management engineers.']","['The Emergency Command Center is composed of the Duty Director.', 'The Emergency Command Center includes the deputy general manager in charge (maintenance unit).', 'The Emergency Command Center includes the head of the Dispatch Department.']","['The Emergency Command Center includes all dispatch department staff on duty.', 'The Emergency Command Center includes leaders in charge.', 'The Emergency Command Center includes the deputy general manager in charge (maintenance unit).', 'The Emergency Command Center includes heads and deputy heads of each department.', 'The Emergency Command Center includes relevant professional management engineers.']","['The command center is located at the OCC.', 'The General Commander is the General Manager.', 'The Duty Director commands if the General Manager has not arrived.']","['The On-site General Commander is the daily emergency shift leader or deputy GM.', 'Before their arrival, the station master or duty master commands.']","[['The Emergency Command Center is composed strictly of the **Duty Director** rather than all dispatch staff on duty.', 'Dispatch staff on duty are excluded from the core command center; only the **Duty Director** is a member.', 'General dispatchers do not hold membership; the role is reserved for the **Duty Director** alone.'], ['Leaders in charge are not members; the command structure is limited to the **Duty Director** and specific heads.', 'The composition is restricted to the **Duty Director** and **Head of Dispatch**, excluding general leaders in charge.', ""Membership is defined by specific roles like the **Duty Director**, not broad categories like 'leaders in charge'.""], ['The deputy general manager in charge is not a member; only the **Duty Director** and **Head of Dispatch** are listed.', 'While the maintenance deputy GM is involved, the core group is led by the **Duty Director**, not the deputy GM alone.', 'The command center excludes the deputy general manager, consisting only of the **Duty Director** and department heads.'], ['Heads of each department are not members; only the **Head of the Dispatch Department** is included.', 'Membership is not open to all department heads, but specifically to the **Head of the Dispatch Department**.', 'The command center relies on the **Head of Dispatch**, excluding heads from other departments.'], ['Professional management engineers are excluded; the center is composed of the **Duty Director** and department heads.', 'Technical engineers do not form part of the command center; it is an administrative body led by the **Duty Director**.', 'The list of members ends with the **Head of Dispatch**, leaving no place for professional management engineers.']]"
"After the station confirms a communication equipment failure, it shall report to the traffic dispatcher immediately.","When the station discovers a communication equipment failure, the station duty master should first verify the scope of the fault's impact on-site and form a preliminary report within 10 minutes before reporting to the traffic dispatcher.","After the station confirms a communication equipment failure, it shall report to the traffic dispatcher immediately.","After maintenance personnel confirm a communication equipment failure, they shall report to the maintenance unit's production/maintenance dispatcher immediately, and the maintenance unit's production/maintenance dispatcher shall report to the traffic dispatcher.","After the depot confirms a communication equipment failure, it shall contact the production/maintenance dispatcher immediately.","['The station confirms a communication equipment failure.', 'The station reports to the traffic dispatcher immediately.']","['The station discovers a communication equipment failure.', 'The station duty master verifies the impact scope on-site first.', 'A preliminary report is formed within 10 minutes.', 'The report is made to the traffic dispatcher only after these steps.']","['The station confirms a communication equipment failure.', 'The station reports to the traffic dispatcher immediately.']","['Maintenance personnel confirm a communication equipment failure.', ""Maintenance personnel report to the maintenance unit's dispatcher immediately."", ""The maintenance unit's dispatcher reports to the traffic dispatcher.""]","['The depot confirms a communication equipment failure.', 'The depot contacts the production/maintenance dispatcher immediately.']","[['The station is **not authorized** to confirm communication equipment failures independently; this must be done by the maintenance team.', 'The station confirms **power supply failures** rather than communication equipment failures in this context.', 'Communication equipment failures are confirmed by the **passengers** via the intercom system, not the station staff.'], ['The station must **wait for on-site verification** by the station master before reporting, rather than reporting immediately.', 'The station reports to the **maintenance dispatcher** first, delaying the report to the traffic dispatcher until later.', 'Immediate reporting is **prohibited**; a written preliminary report must be completed within 10 minutes first.']]"
Maintenance units' emergency materials should be stored in locations convenient for loading and unloading to facilitate rapid emergency repairs when an emergency occurs.,"Critical emergency materials must be centrally stored in dedicated warehouses, implemented with dual-person dual-lock management, and activation requires joint approval from the work area head and the safety administrator to ensure inventory consistency and anti-theft security.",Maintenance units' emergency materials should be stored in locations convenient for loading and unloading to facilitate rapid emergency repairs when an emergency occurs.,"Due to special needs, the on-site commander coordinates with other departments and stations to deploy emergency rescue materials as required. Emergency rescue materials should be replenished immediately after use, and emergency communication equipment should be charged immediately after use.",Maintenance units need to establish professional emergency rescue teams according to the 'Comprehensive Emergency Plan for Operational Emergencies' and reasonably arrange emergency rescue station points.,"[""Maintenance units' emergency materials should be stored in locations convenient for loading and unloading."", 'The purpose is to facilitate rapid emergency repairs when an emergency occurs.']","['Critical emergency materials must be centrally stored in dedicated warehouses.', 'These materials are managed with a dual-person dual-lock system.', 'Activation requires joint approval from the work area head and the safety administrator.', 'The purpose is to ensure inventory consistency and anti-theft security.']","[""Maintenance units' emergency materials should be stored in locations convenient for loading and unloading."", 'The purpose is to facilitate rapid emergency repairs when an emergency occurs.']","['The on-site commander coordinates the deployment of emergency rescue materials based on needs.', 'Coordination involves other departments and various stations.', 'Emergency rescue materials must be replenished immediately after use.', 'Emergency communication equipment must be charged immediately after use.']","['Maintenance units must establish professional emergency rescue teams.', ""Teams are established according to the 'Comprehensive Emergency Plan for Operational Emergencies'."", 'Maintenance units must reasonably arrange emergency rescue station points.']","[['Emergency materials must be **centrally stored in dedicated warehouses** rather than at convenient loading locations.', 'Storage protocols require **dual-person dual-lock management**, prohibiting storage in open, convenient areas.', 'Materials must be kept in **high-security zones** to prevent theft, prioritizing security over loading convenience.'], ['The primary goal of storage is to ensure **inventory consistency and anti-theft security**, not rapid repair speed.', 'Access protocols prioritize **approval by the work area head and safety administrator** over rapid emergency response.', 'The system is designed for **strict accountability** rather than facilitating immediate, unrestricted rapid repair.']]"
"Within the jurisdiction of the Operating Branch, the continuous occurrence of 6 or more persons with suspected infectious disease epidemic symptoms in the same time period and the same space belongs to a Level I response.","When the number of persons with suspected infectious disease epidemic symptoms in the same incident reaches 10 or more, a Level I response is activated; when it is 6-9 persons, a Level II response is activated, and the department head handles it first.","Within the jurisdiction of the Operating Branch, the continuous occurrence of 6 or more persons with suspected infectious disease epidemic symptoms in the same time period and the same space belongs to a Level I response.","Upon receiving a notification from a superior that there has been a suspected infectious disease epidemic phenomenon in the station, the information situation shall be notified to the station.","Track the subsequent situation. For those confirmed as infectious disease patients, on-site disposal shall be carried out according to Level I response, and station epidemiological investigation and disposal shall be carried out according to superior requirements.","['A scenario with 6 or more persons showing suspected infectious disease symptoms is classified as a Level I response.', 'This classification applies when the cases occur continuously in the same time period.', ""This classification applies when the cases occur in the same space within the Operating Branch's jurisdiction.""]","['A scenario with 10 or more persons with suspected symptoms activates a Level I response.', 'A scenario with 6-9 persons with suspected symptoms activates a Level II response.', 'For 6-9 persons, the department head handles the situation first.']","['A scenario with 6 or more persons showing suspected infectious disease symptoms is classified as a Level I response.', 'This classification applies when the cases occur continuously in the same time period.', ""This classification applies when the cases occur in the same space within the Operating Branch's jurisdiction.""]","[""The station is notified upon receiving a superior's report of suspected epidemic phenomena in the station.""]","['Confirmed infectious disease patients trigger on-site disposal according to Level I response.', 'Station epidemiological investigation and disposal are conducted as per superior requirements.']","[['A scenario with 6 persons showing symptoms is classified as a **Level II response**, not Level I.', 'The threshold for a Level I response requires **at least 10 persons**, meaning 6 persons would only trigger a lower level response.', 'Occurrences of 6 or more persons are considered **routine medical incidents** and do not qualify for any emergency response level.'], ['Continuous occurrence in the same time period is **irrelevant**; the classification depends solely on the total daily count.', 'Cases must occur **sporadically over different shifts**, not continuously in the same period, to trigger Level I.', 'The response level is determined by the **severity of individual symptoms**, regardless of the temporal clustering.'], ['The classification applies only if the cases are distributed across **multiple different spaces**, not a single space.', 'If cases occur in the same space, they are treated as **isolated incidents** rather than a collective Level I emergency.', 'The jurisdiction of the Operating Branch **does not cover** public health responses; these are handled by the CDC directly.']]"
"When a public health emergency occurs at a station, the first person on the scene shall immediately report to the station duty officer. The station duty officer shall then report the information to the OCC, the station duty master, and the regional (deputy) station master.",All emergency information should follow the principle of direct reporting. The first person on the scene must immediately report directly to the OCC to ensure fast and accurate information transmission.,"When a public health emergency occurs at a station, the first person on the scene shall immediately report to the station duty officer. The station duty officer shall then report the information to the OCC, the station duty master, and the regional (deputy) station master.","According to the requirements of the superior health administrative department, corresponding epidemic prevention and disinfection materials shall be reserved to ensure the security needs in case of public health emergencies.","Upon receiving a superior notification that a public health incident has occurred in the Control Center dispatch hall or other enclosed office spaces of the Operating Branch, or that there is a confirmed infectious disease case, the head of the department where the incident occurred or the OCC shall report the personnel situation to the Quality and Safety Department of the Operating Branch. The Company Epidemic Prevention Office shall report it level by level to the Group Company and superior health and epidemic prevention departments.","['The first person on the scene reports to the station duty officer immediately.', 'The station duty officer reports the information to the OCC.', 'The station duty officer reports the information to the station duty master.', 'The station duty officer reports the information to the regional (deputy) station master.']","['All emergency information follows the principle of direct reporting.', 'The first person on the scene must report directly to the OCC immediately.', 'Direct reporting ensures fast and accurate information transmission.']","['The first person on the scene reports to the station duty officer immediately.', 'The station duty officer reports the information to the OCC.', 'The station duty officer reports the information to the station duty master.', 'The station duty officer reports the information to the regional (deputy) station master.']","['Epidemic prevention and disinfection materials must be reserved according to superior requirements.', 'Reserved materials ensure security needs during public health emergencies.']","['Incidents in the OCC or enclosed offices are reported to the Quality and Safety Department.', 'The Company Epidemic Prevention Office reports level by level to the Group Company.', 'The Company Epidemic Prevention Office reports level by level to superior health departments.']","[['The first person on the scene must bypass the station duty officer and **report directly to the OCC**.', 'Reporting to the station duty officer is **prohibited** as it delays the information flow to the control center.', 'The first responder should contact **emergency medical services (120)** directly instead of notifying station staff first.'], ['The station duty officer is responsible for **local coordination only** and must not report to the OCC.', 'Information reporting to the OCC is the **exclusive duty of the station master**, not the duty officer.', 'The duty officer should prioritize **evacuating passengers** over spending time reporting to the OCC.'], ['The station duty officer reports to the **security department** instead of the station duty master.', 'Notifying the station duty master is **redundant** as the master receives alerts from the OCC directly.', 'The duty officer is restricted from contacting the station master until the **initial assessment** is complete.'], ['The regional (deputy) station master is **excluded** from the immediate reporting chain to prevent information overload.', 'Reports should be sent to the **line manager** rather than the regional station master.', ""The duty officer must **wait for the station master's approval** before notifying the regional level.""]]"
"After faults of track subsidence, uplift, or collapse are handled by repair personnel, the speed of the first train released shall not exceed 15 km/h, and subsequent trains may increase speed gradually depending on the situation.","In temporarily repaired sections of track subsidence or uplift, the speed of the first train released shall not exceed 10 km/h, and it must be accompanied and monitored by engineering technical personnel; subsequent trains can only increase speed gradually to the normal range after 3 consecutive trains confirm no abnormalities.","After faults of track subsidence, uplift, or collapse are handled by repair personnel, the speed of the first train released shall not exceed 15 km/h, and subsequent trains may increase speed gradually depending on the situation.","After arriving at the scene, engineering and building structure professional team personnel shall carry out emergency repairs and temporary handling of the fault location according to the 'On-site Disposal Plan for Track Subsidence, Uplift, and Collapse Faults'.","1) The depot dispatcher receives the fault report and confirms the train position with the driver, manually confirming that the sections on the route are clear and the switches are in the correct position.","[""After faults are handled by repair personnel, the first train's speed shall not exceed 15 km/h."", 'Subsequent trains may increase speed gradually depending on the situation.']","[""In temporarily repaired sections, the first train's speed shall not exceed 10 km/h."", 'The first train must be accompanied and monitored by engineering technical personnel.', 'Subsequent trains can only increase speed gradually after 3 consecutive trains confirm no abnormalities.']","[""After faults are handled by repair personnel, the first train's speed shall not exceed 15 km/h."", 'Subsequent trains may increase speed gradually depending on the situation.']","['Personnel carry out emergency repairs and temporary handling upon arrival.', ""Repairs follow the 'On-site Disposal Plan for Track Subsidence, Uplift, and Collapse Faults'.""]","['The depot dispatcher confirms the train position with the driver.', 'The dispatcher manually confirms that route sections are clear.', 'The dispatcher manually confirms that switches are in the correct position.']","[['The speed of the first train released shall not exceed **10 km/h** instead of 15 km/h.', 'The first train **need not** observe a speed limit of 15 km/h after repairs.', 'The speed of the first train must be **maintained above 15 km/h** to ensure track stability.'], ['Subsequent trains may only increase speed **after 3 consecutive trains confirm no abnormalities**.', 'Subsequent trains **should not** increase speed gradually regardless of the situation.', 'Subsequent trains must maintain the **restricted speed indefinitely** without increasing.']]"
"Train drivers and station personnel shall report the location, position, and preliminary impact of the fault to the OCC immediately upon discovering a line fault.","When station personnel discover a line fault, they shall first report to the station duty master for a preliminary on-site assessment. Within 10 minutes, a brief report shall be formed, and the station duty master shall decide whether to report directly to the OCC or first notify the regional station master to consolidate the information.","Train drivers and station personnel shall report the location, position, and preliminary impact of the fault to the OCC immediately upon discovering a line fault.","After the OCC confirms the line fault, it shall immediately notify the maintenance unit to organize emergency repairs and simultaneously notify the equipment management department.","After the maintenance unit production dispatcher receives the OCC notification, they shall immediately notify the various emergency repair teams and the heads of the engineering and building structure professions to rush to the scene.","['Train drivers and station personnel discover a line fault.', 'They report the fault location, position, and preliminary impact.', 'They report to the OCC immediately.']","['Station personnel discover a line fault.', 'They report to the station duty master first.', 'The station duty master conducts a preliminary on-site assessment.', 'A brief report is formed within 10 minutes.', 'The station duty master decides whether to report to the OCC or the regional station master.']","['Train drivers and station personnel discover a line fault.', 'They report the fault location, position, and preliminary impact.', 'They report to the OCC immediately.']","['The OCC confirms the line fault.', 'The OCC immediately notifies the maintenance unit to organize repairs.', 'The OCC simultaneously notifies the equipment management department.']","['The maintenance unit production dispatcher receives the OCC notification.', 'The dispatcher immediately notifies the various emergency repair teams.', 'The dispatcher immediately notifies the heads of the engineering and building structure professions to rush to the scene.']","[['Only **maintenance specialists**, excluding train drivers and station personnel, are authorized to discover and report line faults.', 'Train drivers and station personnel are **prohibited** from initiating any fault reports regarding the line infrastructure.', 'Discovery of line faults is the sole responsibility of the **automated track inspection vehicle**, not human personnel.'], ['They must report only the **train number**, omitting details like fault location or preliminary impact.', 'Reporting the preliminary impact is **optional** and should be left for the engineering team to determine later.', 'They report the **passenger load factor** instead of the fault location and position.'], ['They **may** delay the report until the end of the operational day rather than reporting immediately.', 'They report to the **station duty master** for a preliminary assessment first, delaying the direct report to the OCC.', 'They report to the **depot dispatcher** exclusively, bypassing the OCC entirely.']]"
"When a confirmed bomb or poisonous gas threat call/information is on a train, the OCC notifies the station ahead to carry out passenger evacuation within the station; after the incident train arrives at the station ahead, passengers on the train are evacuated.","When potential threat information is received on a train, priority should be given to maintaining normal train operation to the nearest safe point (such as a depot or designated station), and large-scale passenger evacuation should be avoided before the threat is confirmed to prevent unnecessary panic and secondary accidents.","When a confirmed bomb or poisonous gas threat call/information is on a train, the OCC notifies the station ahead to carry out passenger evacuation within the station; after the incident train arrives at the station ahead, passengers on the train are evacuated.","When a confirmed bomb or poisonous gas threat call/information is on a train, the OCC notifies the station ahead to carry out passenger evacuation within the station; after the incident train arrives at the station ahead, passengers on the train are evacuated.","When a confirmed bomb or poisonous gas threat call/information is at a depot, the OCC notifies the depot dispatcher to evacuate depot personnel.","['A confirmed bomb or poisonous gas threat is reported on a train.', 'OCC notifies the station ahead to carry out passenger evacuation within the station.', 'Passengers on the incident train are evacuated after the train arrives at the station ahead.']","['Potential threat information is received on a train.', 'Priority is given to maintaining normal train operation to the nearest safe point.', 'Large-scale passenger evacuation should be avoided before threat confirmation.']","['A confirmed bomb or poisonous gas threat is reported on a train.', 'OCC notifies the station ahead to carry out passenger evacuation within the station.', 'Passengers on the incident train are evacuated after the train arrives at the station ahead.']","['A confirmed threat is reported on a train.', 'OCC notifies the station ahead to evacuate passengers.', 'Passengers are evacuated after the train reaches the next station.']","['A confirmed threat is reported at a depot.', 'OCC notifies the depot dispatcher to evacuate depot personnel.']","[['A confirmed bomb or poisonous gas threat **may** be reported on a train as a non-emergency status update.', 'Only **potential threat information**, rather than a confirmed threat, is acknowledged during mainline operations.', 'No bomb or poisonous gas threat can ever be confirmed while the train is in motion.'], ['OCC **need not** notify the station ahead to carry out any passenger evacuation within the station.', 'The OCC must **avoid large-scale passenger evacuation** within the station to prevent unnecessary panic.', 'OCC notifies the station ahead to lock all platform doors instead of evacuating passengers.'], ['Passengers on the incident train **must not** be evacuated even after the train arrives at the station ahead.', 'The train should maintain **normal operation to the nearest safe point** like a depot instead of evacuating passengers at the next station.', 'Passengers are required to stay on the train and return to the starting station instead of evacuating.']]"
"The first person who receives a bomb or poisonous gas threat call/information shall immediately report to 110, the rail transit police, and the OCC. The OCC shall then request instructions from the Emergency Command Center and carry out the next steps according to its orders.","Upon receiving any potential threat information, the first person on the scene should first report to the on-site leader on duty. Only after confirming the authenticity of the information can it be reported to external units (such as the police), in order to avoid unnecessary police deployment and internal chaos.","The first person who receives a bomb or poisonous gas threat call/information shall immediately report to 110, the rail transit police, and the OCC. The OCC shall then request instructions from the Emergency Command Center and carry out the next steps according to its orders.","After receiving a bomb or poisonous gas threat call/information, the station shall immediately report to the OCC and notify the rail transit police.","When a terrorist attack occurs at a station (including trains stopped at the station), it shall be reported immediately to the OCC and the rail transit police.","['The first person receiving a bomb/gas threat immediately reports to 110.', 'The first person receiving a bomb/gas threat immediately reports to the rail transit police.', 'The first person receiving a bomb/gas threat immediately reports to the OCC.', 'The OCC requests instructions from the Emergency Command Center.', ""The next steps are carried out according to the Emergency Command Center's orders.""]","['The first person should first report to the on-site leader on duty.', ""The information's authenticity must be confirmed before reporting to external units."", 'External units include the police.', 'The goal is to avoid unnecessary police deployment and internal chaos.']","['The first person receiving a bomb/gas threat immediately reports to 110.', 'The first person receiving a bomb/gas threat immediately reports to the rail transit police.', 'The first person receiving a bomb/gas threat immediately reports to the OCC.', 'The OCC requests instructions from the Emergency Command Center.', ""The next steps are carried out according to the Emergency Command Center's orders.""]","['The station reports bomb/gas threats to the OCC immediately.', 'The station notifies the rail transit police about bomb/gas threats.']","['Terrorist attacks at stations must be reported to the OCC immediately.', 'Terrorist attacks at stations must be reported to the rail transit police immediately.']","[['The first person receiving a bomb/gas threat **may** report to 110 only after completing internal tasks.', 'The first person must report to the on-site leader on duty first rather than immediately reporting to 110.', 'Reporting to 110 is strictly prohibited for the first discoverer of a potential threat.'], [""The first person receiving a bomb/gas threat **ought to** report to the rail transit police after confirming the information's authenticity."", 'Initial reports should be directed to internal leaders instead of the rail transit police to avoid unnecessary police deployment.', 'The rail transit police are not to be notified until a physical device is found.'], ['The first person receiving a bomb/gas threat **can** wait until the end of the shift to report to the OCC.', 'The first person should prioritize reporting to the on-site duty leader before notifying the OCC.', 'Reporting to the OCC is a secondary step that occurs after on-site verification is finished.'], ['The OCC **might** request instructions from the Emergency Command Center if they deem it necessary.', 'The OCC should first handle the information internally to avoid internal chaos before requesting instructions from the Command Center.', 'The OCC has total autonomy and is forbidden from requesting instructions from the Emergency Command Center.'], ['The next steps **shall** be decided by the first person on the scene rather than following orders.', ""Operational steps must be confirmed for authenticity by on-site leaders before following the Command Center's orders."", 'The Emergency Command Center has no authority over the next steps of the on-site team.']]"
"Information notification follows the principles of 'fast and accurate, level-by-level responsibility, and true and effective.' No department or individual is allowed to skip levels for direct reporting, nor to delay, omit, conceal, lie about, or misreport information.","For major sensitive events, reporting can be done directly to the department head by skipping levels via phone when necessary; the use of social media should be avoided to prevent the leakage of sensitive information.","Information notification follows the principles of 'fast and accurate, level-by-level responsibility, and true and effective.' No department or individual is allowed to skip levels for direct reporting, nor to delay, omit, conceal, lie about, or misreport information.","Principle of confidentiality for important sensitive information. Involved employees should remain sensitive to emergency information, and unauthorized dissemination is prohibited.","Principle of categorized and graded reporting. The impact level of accidents and incidents should be carefully assessed, and reporting should be done by category and grade based on work requirements.","[""Information notification must follow the principles of 'fast and accurate, level-by-level responsibility, and true and effective.'"", 'Departments and individuals are prohibited from skipping levels for direct reporting.', 'Departments and individuals are prohibited from delaying, omitting, concealing, lying about, or misreporting information.']","['Reporting can be done by skipping levels for major sensitive events.', 'Direct reporting to the department head via phone is allowed when necessary.', 'Social media should be avoided for reporting to prevent sensitive information leakage.']","[""Information notification must follow the principles of 'fast and accurate, level-by-level responsibility, and true and effective.'"", 'Departments and individuals are prohibited from skipping levels for direct reporting.', 'Departments and individuals are prohibited from delaying, omitting, concealing, lying about, or misreporting information.']","['Involved employees must maintain high sensitivity toward emergency information.', 'Unauthorized dissemination of important sensitive information is prohibited.']","['Accident and incident impacts must be carefully evaluated.', 'Reporting must be categorized and graded based on operational needs.']","[['Information notification **need not** follow the principles of hierarchy or accuracy during high-pressure emergencies.', 'The reporting process should prioritize **speed and secrecy over level-by-level responsibility** for sensitive matters.', 'Information notification is allowed to be informal and unverified if it speeds up the emergency response.'], ['Any department or individual **may** skip administrative levels to report directly to senior leadership.', 'In the case of **major sensitive events**, it is permitted to report by skipping levels via phone.', 'Skipping levels for direct reporting is the standard procedure for all incidents classified as Level I emergencies.'], ['Individuals **should** occasionally conceal specific sensitive details from reports to avoid public panic.', 'A delay in reporting is acceptable if it is necessary to **prevent the use of social media** for data transmission.', 'Omission of information is required when the data has not been fully verified by on-site technicians.']]"
Level II response activation is served by the emergency shift leader of the day or the deputy general manager.,Level II response activation is served by the deputy general manager.,Level II response activation is served by the emergency shift leader of the day or the deputy general manager.,Level III and IV response activation: Served by the duty director.,Dispatch needs to report and follow up on the progress of emergency disposal to the Group Company and the urban rail transit administrative department in a timely manner.,['Level II response activation is served by the emergency shift leader of the day or the deputy general manager.'],['Level II response activation is served by the deputy general manager.'],['Level II response activation is served by the emergency shift leader of the day or the deputy general manager.'],"['Level III response activation is served by the duty director.', 'Level IV response activation is served by the duty director.']","['Dispatch must report emergency disposal progress to the Group Company in a timely manner.', 'Dispatch must report emergency disposal progress to the urban rail transit administrative department in a timely manner.']","[['Level II response activation **may** be served by the station master instead of the emergency shift leader or deputy general manager.', 'The role of commander for Level II response is restricted **only to the deputy general manager**, excluding the emergency shift leader of the day.', 'Neither the emergency shift leader nor the deputy general manager is permitted to serve as the commander for Level II response activation.']]"
"1) When the local meteorological department issues a red rainstorm warning, immediately organize the suspension of train services on ground and elevated lines.","When the local meteorological department issues a red rainstorm warning, the Operating Branch should implement speed-restricted operation for all trains, strengthen along-the-way observation and line inspections, and suspend train operations depending on the situation.","1) When the local meteorological department issues a red rainstorm warning, immediately organize the suspension of train services on ground and elevated lines.","When heavy rain affects visibility, the driver shall assess and grasp the visibility range, and the OCC shall confirm the on-site visibility situation with the driver and issue speed limit orders as required.","If heavy rain causes flooding of stations, sections, or depots, it shall be executed according to the 'Special Emergency Plan for Flooding'.","['The local meteorological department issues a red rainstorm warning.', 'Train services on ground lines must be suspended immediately upon the warning.', 'Train services on elevated lines must be suspended immediately upon the warning.']","['The local meteorological department issues a red rainstorm warning.', 'All trains should implement speed-restricted operation.', 'Along-the-way observation and line inspections should be strengthened.', 'Train operations may be suspended depending on the situation.']","['The local meteorological department issues a red rainstorm warning.', 'Train services on ground lines must be suspended immediately upon the warning.', 'Train services on elevated lines must be suspended immediately upon the warning.']","['Heavy rain affects visibility.', 'The driver assesses and grasps the visibility range.', 'OCC confirms visibility with the driver.', 'OCC issues speed limit orders as required.']","['Heavy rain causes flooding of stations, sections, or depots.', ""Execution follows the 'Special Emergency Plan for Flooding'.""]","[[""The local meteorological department **might** issue a red rainstorm warning, but that doesn't trigger mandatory suspension."", 'A red rainstorm warning from the **central** bureau is required, not just from the local meteorological department.', 'The triggering condition is actually an **orange** rainstorm warning combined with wind speed data, not a red warning alone.'], ['Train services on ground lines **may** remain operational with speed restrictions instead of being suspended.', 'The Operating Branch should implement **speed-restricted operation** for ground lines rather than immediate suspension.', 'Ground line suspension is only mandated if the water level exceeds the rail surface, regardless of the red warning.'], ['Elevated line services **could** continue running at reduced speeds despite the red rainstorm warning.', 'Staff should **strengthen line inspections** and only suspend elevated operations if the site-specific situation warrants it.', 'Suspension is strictly applied to underground sections during red warnings, while elevated lines are permitted to run.']]"
"When the wind force reaches Level 9, trains operate at a limited speed; when the wind force reaches Level 10 or above, surface or elevated rail lines are suspended, and stranded passengers are guided for evacuation and transferred to safe areas.","When the wind force reaches Level 9 or above, surface or elevated rail lines are suspended, and stranded passengers are guided for evacuation and transferred to safe areas.","When the wind force reaches Level 9, trains operate at a limited speed; when the wind force reaches Level 10 or above, surface or elevated rail lines are suspended, and stranded passengers are guided for evacuation and transferred to safe areas.","When the wind force reaches Level 7, all trains run at a speed limit of 60 km/h, and engineering trains run at a speed limit of 40 km/h.","When the wind force reaches Level 8, all trains run at a speed limit of 25 km/h with enhanced observation along the way, and engineering trains run to the nearest station at a speed limit of 25 km/h to take cover.","['When wind force reaches Level 9, trains operate at a limited speed.', 'When wind force reaches Level 10 or above, surface or elevated rail lines are suspended.', 'Stranded passengers are guided for evacuation and transferred to safe areas during suspensions.']","['When wind force reaches Level 9 or above, surface or elevated rail lines are suspended.', 'Stranded passengers are guided for evacuation and transferred to safe areas.']","['When wind force reaches Level 9, trains operate at a limited speed.', 'When wind force reaches Level 10 or above, surface or elevated rail lines are suspended.', 'Stranded passengers are guided for evacuation and transferred to safe areas during suspensions.']","['At Level 7 wind force, all trains run at a speed limit of 60 km/h.', 'At Level 7 wind force, engineering trains run at a speed limit of 40 km/h.']","['At Level 8 wind force, all trains run at a speed limit of 25 km/h with enhanced observation.', 'At Level 8 wind force, engineering trains run to the nearest station at a speed limit of 25 km/h.']","[['When wind force reaches Level 9, surface or elevated rail lines must be suspended immediately rather than running at limited speeds.', 'When wind force reaches Level 9, trains may maintain normal operational speeds if track visibility is confirmed to be clear.', 'Wind force reaching Level 9 does not necessitate any specific speed restriction for urban rail transit operations.'], ['Surface and elevated lines should continue operating with extreme caution even when wind force reaches Level 10.', 'Service suspension is only mandatory when wind force exceeds Level 12, regardless of line elevation.', 'Suspension procedures are strictly triggered at Level 9, making Level 10 an irrelevant threshold for the initial stop.'], ['Stranded passengers must remain inside the stationary trains until the wind force subsides below Level 5.', 'Responsibility for guiding stranded passengers lies with the municipal emergency services rather than the railway operator.', 'Safe area transfers are prohibited during Level 10 wind events to prevent exposing passengers to flying debris outdoors.']]"
"5.2.1 On-site Command Headquarters. Location: Established in professional equipment duty rooms of the Control Center, Station Control Room, Depot, Main Substation, or within mainline scheduled trains. In special circumstances, the location is decided by the On-site General Commander, and relevant personnel from the Technical Contract Department shall go to the corresponding location based on actual conditions. On-site General Commander: For Level III and IV response activation: if it occurs at the Control Center, the respective dispatchers serve; if at a station, the Station Master (Level III) or Equipment Management Department professional engineer/Station Duty Master (Level IV) serves; if within a mainline scheduled train, the driver serves; if in a depot, the Depot Dispatcher or Equipment Management Department professional engineer serves.","5.2.1 On-site Command Headquarters. Location: Established in professional equipment duty rooms of the Control Center or the Station Control Room. In special circumstances, the location is decided by the On-site General Commander. On-site General Commander: For Level III and IV response activation: if it occurs at the Control Center, the Environmental Dispatcher serves; if at a station, the Station Master (Level III) or Station Duty Master (Level IV) serves.","5.2.1 On-site Command Headquarters. Location: Established in professional equipment duty rooms of the Control Center, Station Control Room, Depot, Main Substation, or within mainline scheduled trains. In special circumstances, the location is decided by the On-site General Commander, and relevant personnel from the Technical Contract Department shall go to the corresponding location based on actual conditions. On-site General Commander: For Level III and IV response activation: if it occurs at the Control Center, the respective dispatchers serve; if at a station, the Station Master (Level III) or Equipment Management Department professional engineer/Station Duty Master (Level IV) serves; if within a mainline scheduled train, the driver serves; if in a depot, the Depot Dispatcher or Equipment Management Department professional engineer serves.",The Emergency Command Center is established at the Operations Control Center (OCC).,"ACC maintenance team personnel must conduct weekly inspections and maintenance of the ACC system equipment at the ACC Disaster Recovery Center. After inspection, the 'ACC Disaster Recovery Center Inspection Record' (Appendix E) must be filled out, and any abnormalities must be reported immediately to the ACC maintenance team leader or ACC system engineer.","['The On-site Command Headquarters can be established in Control Center duty rooms, Station Control Rooms, depots, main substations, or mainline trains.', 'The On-site General Commander decides the HQ location in special circumstances.', 'Technical Contract Department personnel go to the HQ location based on the situation.', 'For Level III responses at stations, the Station Master serves as the On-site General Commander.', 'For Level IV responses at stations, professional engineers or Station Duty Masters serve as the On-site General Commander.', 'Dispatchers serve as the On-site General Commander for incidents at the Control Center.', 'The driver serves as the On-site General Commander for incidents within mainline trains.', 'The Depot Dispatcher or professional engineer serves as the On-site General Commander for incidents in depots.']","['The On-site Command Headquarters location is limited to Control Center duty rooms or Station Control Rooms.', 'The Environmental Dispatcher serves as the On-site General Commander for incidents at the Control Center.', 'Only the Station Master or Station Duty Master serves as the On-site General Commander at stations.']","['The On-site Command Headquarters can be established in Control Center duty rooms, Station Control Rooms, depots, main substations, or mainline trains.', 'The On-site General Commander decides the HQ location in special circumstances.', 'Technical Contract Department personnel go to the HQ location based on the situation.', 'For Level III responses at stations, the Station Master serves as the On-site General Commander.', 'For Level IV responses at stations, professional engineers or Station Duty Masters serve as the On-site General Commander.', 'Dispatchers serve as the On-site General Commander for incidents at the Control Center.', 'The driver serves as the On-site General Commander for incidents within mainline trains.', 'The Depot Dispatcher or professional engineer serves as the On-site General Commander for incidents in depots.']",['The Emergency Command Center is located at the OCC.'],"['ACC maintenance staff perform weekly inspections at the disaster recovery center.', ""Staff must fill out the 'ACC Disaster Recovery Center Inspection Record'."", 'Abnormalities must be reported to the team leader or system engineer.']","[['The On-site Command Headquarters **is restricted** to the Control Center and Station Control Rooms, excluding depots and mainline trains.', 'The On-site Command Headquarters **may not** be established in main substations or mobile train environments.', 'Mainline scheduled trains are **strictly prohibited** from serving as a site for the On-site Command Headquarters.'], ['The On-site General Commander **shall not** have the authority to decide the HQ location even in special circumstances.', 'The location of the HQ is fixed by the emergency plan and **cannot** be modified by the On-site General Commander.', 'Only the **Operations Control Center director**, rather than the On-site General Commander, decides the location in special cases.'], ['Technical Contract Department personnel **must not** attend the HQ location regardless of the actual conditions.', 'Relevant personnel from the Technical Contract Department **might** choose to stay at their permanent offices instead of going to the HQ.', 'Attendance at the HQ by Technical Contract Department staff is **optional** and depends on secondary internal approvals.'], ['For Level III responses at stations, the **Environmental Dispatcher** instead of the Station Master serves as the commander.', 'The Station Master **need not** serve as the On-site General Commander during a Level III response at a station.', 'Command authority for Level III station incidents is **exclusively reserved** for the equipment management department head.'], ['Professional engineers from the equipment management department **are ineligible** to serve as the On-site General Commander for Level IV responses.', 'For Level IV responses, only the **Station Duty Master** may assume the role, omitting professional engineers.', 'A Level IV response at a station is led by the **Maintenance Dispatcher** rather than the Station Duty Master.'], ['For incidents at the Control Center, the **Environmental Dispatcher** shall serve as the On-site General Commander.', 'Dispatchers **must not** assume the role of On-site General Commander for incidents occurring at the Control Center.', 'The role of commander at the Control Center **ought to** be filled by the General Manager rather than dispatchers.'], ['Drivers **may not** serve as the On-site General Commander even for incidents within mainline trains.', 'The driver is **prohibited** from exercising command authority during a Level III or IV response on a train.', 'For mainline train incidents, the **nearest station master** serves as commander instead of the driver.'], ['The Depot Dispatcher **is not permitted** to serve as the On-site General Commander for incidents within the depot.', 'Command for depot incidents **should** be exercised by the Station Master rather than the Depot Dispatcher.', 'Professional engineers **need not** assume the commander role for emergencies occurring in the depot.']]"
"Level III and IV Response Activation: If the incident occurs at the Control Center, the respective dispatchers serve as the on-site general commander; if at a station, the Station Master (Level III) or Equipment Management Department professional engineer/Station Duty Master (Level IV) serves; if within a mainline scheduled train, the driver serves; if in a depot, the Depot Dispatcher or Equipment Management Department professional engineer serves.","Level III and IV Response Activation: If the incident occurs at the Control Center, the Environmental Dispatcher serves as the on-site general commander; if at a station, the Station Master (Level III) or Station Duty Master (Level IV) serves.","Level III and IV Response Activation: If the incident occurs at the Control Center, the respective dispatchers serve as the on-site general commander; if at a station, the Station Master (Level III) or Equipment Management Department professional engineer/Station Duty Master (Level IV) serves; if within a mainline scheduled train, the driver serves; if in a depot, the Depot Dispatcher or Equipment Management Department professional engineer serves.","When external or maintenance units conduct inspection operations at the AFC Network Testing Center, the construction leader shall present their construction leader certificate and other documents to the ACC maintenance team to handle registration and fill out the 'Construction Operation Registration Form'.","Zhejiang Xingfu Rail Company needs to regularly inspect, maintain, and service the line equipment under the jurisdiction of the ACC equipment room and AFC Network Testing Center.","['For Level III/IV responses at the Control Center, the respective dispatchers serve as on-site general commander.', 'For Level III responses at stations, the Station Master serves as on-site general commander.', 'For Level IV responses at stations, professional engineers or Station Duty Masters serve as on-site general commander.', 'For incidents within mainline scheduled trains, the driver serves as on-site general commander.', 'For incidents in a depot, the Depot Dispatcher or professional engineer serves as on-site general commander.']","['For Level III/IV responses at the Control Center, the Environmental Dispatcher serves as the on-site general commander.', 'For Level III/IV responses at stations, only the Station Master or Station Duty Master serves as the commander.']","['For Level III/IV responses at the Control Center, the respective dispatchers serve as on-site general commander.', 'For Level III responses at stations, the Station Master serves as on-site general commander.', 'For Level IV responses at stations, professional engineers or Station Duty Masters serve as on-site general commander.', 'For incidents within mainline scheduled trains, the driver serves as on-site general commander.', 'For incidents in a depot, the Depot Dispatcher or professional engineer serves as on-site general commander.']","['External/maintenance units must handle registration with the ACC maintenance team for inspections.', 'Construction leaders must provide certificates and fill out registration forms.']","['Zhejiang Xingfu Rail Company is responsible for regular inspection and maintenance.', 'This responsibility covers equipment within the ACC/AFC center jurisdiction.']","[['For Level III/IV responses at the Control Center, the respective dispatchers **might** serve as commander only if the specialized dispatcher is absent.', 'For incidents at the Control Center, the **Environmental Dispatcher** shall assume the role of on-site general commander.', 'Command authority at the Control Center is reserved for the General Manager, and dispatchers are prohibited from serving as commander.'], ['The Station Master **shall not** serve as the commander for Level III responses at stations.', 'Only the **Station Duty Master** is authorized to lead and command Level III responses occurring at stations.', 'Level III responses at stations are commanded by the Safety Department head, not the Station Master.'], ['Professional engineers **should** refrain from assuming the commander role to focus on technical restoration.', 'For Level IV responses at stations, the role is strictly restricted to the **Station Duty Master**, excluding professional engineers.', 'The Station Master remains the sole commander for all station incidents, including those at Level IV.'], ['The driver **ought not** to act as the on-site general commander while simultaneously operating the train.', 'Incidents on mainline trains follow station protocols where the **nearest Station Master** is assigned as commander.', 'The OCC director takes full command of incidents inside mainline trains, and the driver has no command authority.'], ['Professional engineers **may** be exempted from command duties within the depot environment.', 'Command for depot incidents is limited to the **Depot Dispatcher**, with no participation from professional engineers.', 'The Depot Manager is the only individual permitted to serve as commander for any incident within the depot.']]"
ACC maintenance team personnel must conduct daily inspections and maintenance on the ACC and IACC systems in the ACC equipment room. ACC maintenance team personnel must conduct weekly inspections and maintenance on the ACC system equipment in the AFC Network Testing Center. ACC maintenance team personnel must conduct weekly inspections and maintenance on the ACC system equipment in the ACC Disaster Recovery Center.,Preventive Maintenance: Level I Maintenance (Daily Inspection). Preventive Maintenance: Level II Maintenance (Monthly and Quarterly Inspection). Preventive Maintenance: Level III Maintenance (Semi-annual and Annual Inspection).,ACC maintenance team personnel must conduct daily inspections and maintenance on the ACC and IACC systems in the ACC equipment room. ACC maintenance team personnel must conduct weekly inspections and maintenance on the ACC system equipment in the AFC Network Testing Center. ACC maintenance team personnel must conduct weekly inspections and maintenance on the ACC system equipment in the ACC Disaster Recovery Center.,"ACC maintenance team personnel must conduct weekly inspections and maintenance on the ACC system equipment in the ACC Disaster Recovery Center. After inspection, the 'ACC Disaster Recovery Center Inspection Record' (Appendix E) must be filled out, and any abnormalities must be reported immediately to the ACC maintenance team leader or ACC system engineer.","Zhejiang Xingfu Rail Company needs to regularly inspect, maintain, and service the line equipment under the jurisdiction of the ACC equipment room and AFC Network Testing Center.","['ACC maintenance team personnel must conduct daily inspections and maintenance on the ACC and IACC systems in the ACC equipment room.', 'ACC maintenance team personnel must conduct weekly inspections and maintenance on the ACC system equipment in the AFC Network Testing Center.', 'ACC maintenance team personnel must conduct weekly inspections and maintenance on the ACC system equipment in the ACC Disaster Recovery Center.']","['Preventive Maintenance includes Level I Maintenance which is a daily inspection.', 'Preventive Maintenance includes Level II Maintenance which covers monthly and quarterly inspections.', 'Preventive Maintenance includes Level III Maintenance which covers semi-annual and annual inspections.']","['ACC maintenance team personnel must conduct daily inspections and maintenance on the ACC and IACC systems in the ACC equipment room.', 'ACC maintenance team personnel must conduct weekly inspections and maintenance on the ACC system equipment in the AFC Network Testing Center.', 'ACC maintenance team personnel must conduct weekly inspections and maintenance on the ACC system equipment in the ACC Disaster Recovery Center.']","['ACC maintenance staff perform weekly inspections at the ACC Disaster Recovery Center.', ""Personnel must fill out the 'ACC Disaster Recovery Center Inspection Record' (Appendix E)."", 'Abnormalities must be reported to the team leader or system engineer immediately.']","['Zhejiang Xingfu Rail Company is responsible for regular inspection and maintenance.', 'This responsibility covers equipment under the jurisdiction of the ACC room and AFC Testing Center.']","[['ACC maintenance team personnel may conduct inspections on the ACC and IACC systems daily if their workload permits.', 'The equipment room maintenance is classified as a Level II preventive task, requiring only monthly or quarterly inspections.', 'ACC maintenance team personnel are strictly prohibited from performing daily checks on the IACC system hardware.'], ['ACC maintenance team personnel ought to check the AFC Network Testing Center equipment weekly when they are on site.', 'Inspections for the AFC Network Testing Center follow the Level III maintenance schedule, occurring only on a semi-annual basis.', 'The AFC Network Testing Center does not require any regular weekly maintenance from the ACC personnel.'], ['ACC maintenance team personnel shall conduct inspections at the Disaster Recovery Center only upon receiving a specific fault alert.', 'Maintenance for the ACC Disaster Recovery Center is defined as Level II Preventive Maintenance, which is performed quarterly.', 'Only the external disaster recovery vendor is authorized to inspect the equipment, not the internal maintenance team.']]"
"If a station is only equipped with one station duty officer, the station duty master shall concurrently assume the on-site disposal responsibilities of the duty officer (passenger service).","If a station is only equipped with one station duty officer, the personnel for the duty officer (passenger service) disposal role shall be a competent person designated by the station duty master.","If a station is only equipped with one station duty officer, the station duty master shall concurrently assume the on-site disposal responsibilities of the duty officer (passenger service).","Before entering an area containing thick smoke, a filtering fire self-rescue respirator must be worn.","Before extinguishing a fire in live equipment, ensure the equipment is de-energized; in cases involving water for fire extinguishing, ensure all equipment in the fire area has been de-energized. After the emergency rescue, ensure all personnel and tools have cleared the track area.","['The station is only equipped with one station duty officer.', 'The station duty master shall concurrently assume the on-site disposal responsibilities of the duty officer (passenger service).']","['The station is only equipped with one station duty officer.', 'The station duty master designates a competent person for the duty officer (passenger service) disposal role.']","['The station is only equipped with one station duty officer.', 'The station duty master shall concurrently assume the on-site disposal responsibilities of the duty officer (passenger service).']",['Wear a filtering fire self-rescue respirator before entering thick smoke areas.'],"['Ensure live equipment is de-energized before extinguishing a fire.', 'Ensure all equipment in the fire area is de-energized if water is used.', 'Confirm all personnel and tools have cleared the track area after rescue.']","[['The station **may** be equipped with multiple station duty officers depending on the passenger volume.', 'The station is always equipped with more than one duty officer, making the single-officer scenario impossible.', 'Standard staffing requires at least two station duty officers, rather than only one.'], ['The station duty master **might** not concurrently assume the passenger service responsibilities due to command constraints.', 'The station duty master should designate a competent person to perform the passenger service role instead of handling it personally.', 'The station duty master is strictly forbidden from assuming the duties of the passenger service officer.']]"
"During a Level III response, the Duty Director shall organize various dispatchers to extinguish the fire based on the scope of the fire's impact in the Control Center.","During a Level III response, the Duty Director shall, based on the scope of the fire's impact in the Control Center, organize volunteer firefighters in the Control Center to put on protective equipment and perform initial fire disposal.","During a Level III response, the Duty Director shall organize various dispatchers to extinguish the fire based on the scope of the fire's impact in the Control Center.","During a Level III response, the Duty Director shall, based on the scope of the fire's impact in the Control Center, organize volunteer firefighters in the Control Center to put on protective equipment and perform initial fire disposal. If equipment is affected, the Environmental Dispatcher shall notify the production dispatcher to send personnel for handling.",The maintenance unit adopts power-off measures to isolate affected equipment and ensure the normal operation of other equipment.,"['A Level III response is in effect for fire emergencies in the Control Center.', ""The Duty Director assesses the scope of the fire's impact within the facility."", 'The Duty Director organizes various dispatchers to extinguish the fire.']","['A Level III response is in effect.', ""The Duty Director assesses the fire's impact scope."", 'The Duty Director organizes volunteer firefighters to wear protective equipment.', 'The Duty Director organizes volunteer firefighters to perform initial fire disposal.']","['A Level III response is in effect for fire emergencies in the Control Center.', ""The Duty Director assesses the scope of the fire's impact within the facility."", 'The Duty Director organizes various dispatchers to extinguish the fire.']","['A Level III response is in effect.', 'The Duty Director organizes volunteer firefighters for initial fire disposal.', 'Volunteer firefighters must wear protective equipment.', 'The Environmental Dispatcher notifies the production dispatcher if equipment is affected.']","['The maintenance unit uses power-off measures to isolate equipment.', 'Power-off measures ensure the normal operation of non-affected equipment.']","[['The fire disposal protocol **must** be activated under a Level I response rather than Level III.', 'The procedures for organizing personnel apply exclusively to Level II response scenarios.', 'A Level IV emergency status, not Level III, is required to trigger these organizational duties.'], ['The Duty Director **might** skip the impact assessment and proceed directly to evacuation orders.', ""The assessment of the fire's scope should be conducted by trained volunteer firefighters on-site."", ""The building's fire control room staff, rather than the Duty Director, evaluates the impact scope.""], ['The Duty Director **ought to** organize volunteer firefighters equipped with protective gear to handle the fire.', 'Dispatchers are strictly forbidden from performing fire extinguishing duties to ensure operational continuity.', 'Initial fire disposal is handled by designated fire safety teams rather than general dispatch staff.']]"
"During a Level I response for a fire in the Control Center, the Environmental Dispatcher shall immediately dial 119 to report the fire. The Duty Director shall organize other dispatchers to evacuate the OCC and activate the 'Special Emergency Plan for Emergency Evacuation of the Control Center'.","During a Level I response for a fire in the Control Center, the Environmental Dispatcher shall immediately report to the fire control room of the Control Center building. The Duty Director shall organize other dispatchers to evacuate the OCC and activate the 'Special Emergency Plan for Emergency Evacuation of the Control Center'.","During a Level I response for a fire in the Control Center, the Environmental Dispatcher shall immediately dial 119 to report the fire. The Duty Director shall organize other dispatchers to evacuate the OCC and activate the 'Special Emergency Plan for Emergency Evacuation of the Control Center'.",The Duty Director shall organize other dispatchers to evacuate the OCC and activate the 'Special Emergency Plan for Emergency Evacuation of the Control Center'.,The maintenance unit shall organize its volunteer fire brigade to put on protective equipment and assist in performing initial fire disposal.,"['A Level I response for a Control Center fire is in effect.', 'The Environmental Dispatcher immediately dials 119 to report the fire.', 'The Duty Director organizes other dispatchers to evacuate the OCC.', ""The Duty Director activates the 'Special Emergency Plan for Emergency Evacuation of the Control Center'.""]","['A Level I response for a Control Center fire is in effect.', ""The Environmental Dispatcher immediately reports to the building's fire control room."", 'The Duty Director organizes the evacuation of other dispatchers from the OCC.', ""The Duty Director activates the 'Special Emergency Plan for Emergency Evacuation of the Control Center'.""]","['A Level I response for a Control Center fire is in effect.', 'The Environmental Dispatcher immediately dials 119 to report the fire.', 'The Duty Director organizes other dispatchers to evacuate the OCC.', ""The Duty Director activates the 'Special Emergency Plan for Emergency Evacuation of the Control Center'.""]","['The Duty Director organizes other dispatchers to evacuate the OCC.', 'The Duty Director activates the special emergency plan for evacuation.']","['The maintenance unit organizes its volunteer fire brigade.', 'Volunteer firefighters wear protective equipment.', 'The volunteer fire brigade assists in initial fire disposal.']","[['A Level I response **might** be in effect for certain fire scenarios, but it is not mandatory for all Control Center incidents.', 'The situation is classified as a **Level III response** rather than Level I, which changes the reporting chain.', 'No Level I emergency response has been declared for the current fire incident.'], ['The Environmental Dispatcher **may** dial 119 only after completing the internal notification of the fire control room.', ""The Environmental Dispatcher shall **immediately report to the building's fire control room** instead of dialing 119."", 'The Environmental Dispatcher is prohibited from dialing 119 directly and must wait for security to do so.'], ['The Duty Director **could** organize other dispatchers to evacuate, provided that the system remains under remote control.', 'The Duty Director shall **instruct dispatchers to remain at their posts** for primary system stabilization instead of evacuating.', 'The Building Safety Manager, not the Duty Director, oversees the evacuation of personnel from the OCC.'], [""The Duty Director **ought to** verify the fire location with the building's fire control room before activating any special plans."", ""The Duty Director shall activate the **General Fire Safety Protocol** rather than the 'Special Emergency Plan for Emergency Evacuation'."", ""The 'Special Emergency Plan for Emergency Evacuation of the Control Center' shall not be activated during a Level I fire response.""]]"
Level I Response: 'Water accumulation reaching the rail waist and above.',"Level I Response: 'Water accumulation reaching the rail waist and above... (excluding cross-river tunnels)'; 'Water accumulation submerging the track bed, resulting in operational interruption (cross-river tunnels).'",Level I Response: 'Water accumulation reaching the rail waist and above.',"After incident handling is complete, the traffic dispatcher organizes the resumption of operations. Level III Response (water accumulation submerges the track bed but has not reached the rail waist).","Report Level I response to the heads of the General Management Department and the Quality and Safety Department; follow up on work order dispatch, maintenance personnel arrival, and disposal progress.",['A Level I response is triggered when water accumulation reaches the rail waist or above.'],"['A Level I response is triggered by water reaching the rail waist or above, except in cross-river tunnels.', 'In cross-river tunnels, a Level I response is triggered when water submerges the track bed and interrupts traffic.']",['A Level I response is triggered when water accumulation reaches the rail waist or above.'],"['The traffic dispatcher restores operation after the incident is handled.', 'Level III response is triggered when water covers the track bed but is below the rail waist.']","['Level I response must be reported to the General Management and Quality & Safety heads.', 'Follow-up is required for work orders and maintenance arrival.', 'Follow-up is required for the status of the disposal process.']","[['Level I response **might** be activated when water accumulation reaches the rail waist or above, depending on external risk factors.', 'A Level I response is triggered when water reaches the rail waist, except for sections within cross-river tunnels.', 'Water accumulation reaching the rail waist is insufficient to trigger a Level I response without a total power failure.']]"
"AFC system software upgrades generally go through four stages: simulation testing center testing, single-station testing, joint integration testing, and line-wide promotion.","Production system software upgrade management and requirements: In principle, all production system software upgrades should adopt a method of pilot testing first, followed by comprehensive line-wide promotion.","AFC system software upgrades generally go through four stages: simulation testing center testing, single-station testing, joint integration testing, and line-wide promotion.","Before starting AFC system parameter issuance and software upgrades, the upgrade person-in-charge of the Ticketing Center of the Passenger Service Department must prepare a testing plan. Personnel from the AFC maintenance work area conduct the tests and issue a test report (Appendix A). Participants must jointly sign for version confirmation, and results are reported to the Ticketing Center lead.","During parameter issuance and software upgrades, if any abnormal situations or emergencies occur (except for major AFC system failures), the issuance and upgrade must stop, and the version must be rolled back.","['AFC system software upgrades generally involve four specific stages.', 'The stages consist of simulation testing, single-station testing, joint testing, and line-wide promotion.']","['All production system software upgrades should follow a pilot-first approach.', 'Comprehensive line-wide promotion should only occur after pilot testing.']","['AFC system software upgrades generally involve four specific stages.', 'The stages consist of simulation testing, single-station testing, joint testing, and line-wide promotion.']","['A testing plan must be prepared before any software upgrade starts.', 'Maintenance personnel are responsible for conducting tests and issuing reports.', 'Participants must sign to confirm the software version after testing.']","['Software upgrades must be halted if abnormalities or emergencies arise.', 'A rollback to the previous version is mandatory during emergency interruptions.', 'Major AFC system failures are exempt from the requirement to stop the upgrade.']","[['AFC system software upgrades **may** involve a variable number of phases rather than a fixed four-stage process.', 'The software upgrade process follows a simplified two-phase management principle consisting of pilot testing and full-scale rollout.', 'AFC system software upgrades are strictly restricted to a single-stage direct implementation.'], ['The progression of stages **should** be determined by the specific requirements of the production system rather than a predefined list.', 'The upgrade cycle is restricted to pilot testing and comprehensive promotion, excluding the simulation and joint testing phases.', 'The upgrade stages are limited to laboratory verification and remote deployment only.']]"
"Organize trains to skip the power-outage station. Approve the closure procedure for ground and elevated stations at night; during the day, keep one platform door (No. 2-4) normally open to maintain operation, while strengthening on-site protection and passenger guidance.","Organize trains to skip the power-outage station. Approve the closure procedure for ground and elevated stations at night; during the day, keep two platform doors (No. 2-2 and 3-4) normally open to maintain operation, while strengthening on-site protection and passenger guidance.","Organize trains to skip the power-outage station. Approve the closure procedure for ground and elevated stations at night; during the day, keep one platform door (No. 2-4) normally open to maintain operation, while strengthening on-site protection and passenger guidance.","The traffic dispatcher notifies ground and elevated stations to execute the closure procedure at night; during the day, two platform doors are kept normally open to maintain operation, while strengthening on-site protection and passenger guidance.","When an intermediate station loses power, for equipment-concentrated stations, the traffic dispatcher notifies station personnel to enter the track area to confirm the switch position and apply hook locks, preparing for telephone block operations.","['Trains are organized to skip the station experiencing a power outage.', 'The closure procedure is approved for ground and elevated stations during the night.', 'During the day, one platform door (No. 2-4) is kept normally open to maintain operation.', 'On-site protection and passenger guidance must be strengthened during these operations.']","['Trains skip the power-outage station.', 'Night closure procedures are approved for ground and elevated stations.', 'During the day, two platform doors (No. 2-2 and 3-4) are kept normally open.', 'On-site protection and passenger guidance are strengthened.']","['Trains are organized to skip the station experiencing a power outage.', 'The closure procedure is approved for ground and elevated stations during the night.', 'During the day, one platform door (No. 2-4) is kept normally open to maintain operation.', 'On-site protection and passenger guidance must be strengthened during these operations.']","['Ground and elevated stations follow night closure procedures.', 'During the day, two platform doors are kept open for operation.', 'On-site protection and passenger guidance are strengthened.']","['For equipment-concentrated stations, personnel confirm switch positions in the track area.', 'Hook locks are applied to switches at power-outage intermediate stations.', 'Preparations are made for telephone block operation.']","[['Trains **must** stop at the power-outage station instead of skipping it to ensure passenger evacuation.', 'The traffic dispatcher may organize trains to stop briefly at the power-outage station for emergency personnel drop-off.', 'Trains are strictly prohibited from skipping any station, even during a total power failure.'], ['Ground and elevated stations **may** remain open at night despite the power outage to serve as emergency shelters.', 'The night closure procedure is only applicable to underground stations, while ground stations stay active.', 'Ground and elevated stations should maintain limited service at night instead of executing a full closure.'], ['During the day, **two platform doors (No. 2-2 and 3-4)** are kept normally open to maintain operation.', 'During the day, the station **ought to** keep all platform doors closed to prevent unauthorized entry during power loss.', 'The station is required to keep at least five platform doors open to facilitate faster passenger flow.'], ['On-site protection and passenger guidance **should** be reduced to conserve the remaining battery power of staff devices.', 'The station staff should focus on technical repairs rather than strengthening passenger guidance.', 'Passenger guidance is deemed unnecessary as the station is effectively closed to new entrants.']]"
"After receiving the report, the OCC shall conduct key monitoring of the station and follow up on the on-site passenger flow. Notify the drivers to ensure safety monitoring during the opening and closing of doors at high-volume stations; drivers shall remind passengers about the heavy passenger flow at relevant stations through broadcasts.","Duty Officer 1: Switch CCTV monitoring to passenger flow points (in front of TVMs, security checkpoints, entry/exit gates, escalators, platforms) and play large passenger flow broadcasts (PA broadcast voice ID: 20 platform crowded, voice ID: 21 station crowded).","After receiving the report, the OCC shall conduct key monitoring of the station and follow up on the on-site passenger flow. Notify the drivers to ensure safety monitoring during the opening and closing of doors at high-volume stations; drivers shall remind passengers about the heavy passenger flow at relevant stations through broadcasts.","If sudden large passenger flow is caused by station equipment reasons, the OCC shall immediately notify maintenance personnel to arrive at the station for repair after receiving the report.","Maintenance personnel shall respond and set out for the scene within 5 minutes after receiving the emergency repair instruction, quickly implementing preliminary disposal, including fault analysis, cause identification, and emergency repair.","['OCC conducts key monitoring and follows up on on-site passenger flow after the report.', 'Drivers are notified to perform safety monitoring during door operations at high-volume stations.', 'Drivers use broadcasts to remind passengers about heavy passenger flow at relevant stations.']","['The Duty Officer switches CCTV to specific flow points like TVMs, security, gates, and platforms.', 'The Duty Officer plays specific PA broadcast IDs (20 and 21) for crowded platforms and stations.']","['OCC conducts key monitoring and follows up on on-site passenger flow after the report.', 'Drivers are notified to perform safety monitoring during door operations at high-volume stations.', 'Drivers use broadcasts to remind passengers about heavy passenger flow at relevant stations.']","['OCC notifies maintenance personnel if equipment causes the large passenger flow.', 'Maintenance personnel arrive at the station for repairs.']","['Maintenance personnel respond within 5 minutes of the instruction.', 'Maintenance personnel implement preliminary disposal including analysis and repair.']","[['The OCC **may** conduct key monitoring only if the on-site CCTV system is fully functional.', 'The Duty Officer, rather than the OCC, should switch CCTV monitoring to key flow points like TVMs and security checkpoints.', 'OCC monitoring is strictly prohibited; all passenger flow tracking must be done by station staff on the ground.'], ['Drivers **should** focus solely on train technical parameters rather than door safety monitoring during high-volume periods.', 'The monitoring of door operations is the responsibility of the **Station Duty Officer** using CCTV, not the driver.', 'Drivers are forbidden from performing additional safety monitoring to prevent distractions from train operation.'], ['Drivers **can** remind passengers about passenger flow only after receiving explicit permission for each broadcast.', 'Broadcasts regarding station crowding should be played via the **PA system** with specific IDs (20 or 21) rather than by the driver.', 'Reminding passengers of crowding is unnecessary as it causes panic and should be avoided entirely.']]"
Lingkun Main Substation | Only the failure and withdrawal from operation of Lingkun Main Substation belongs to a Level II Response.,"Main Substation | The failure and withdrawal from operation of Xiatang Main Substation, Lingkun Main Substation, or Renmin Road Main Substation all belong to a Level II Response.",Lingkun Main Substation | Only the failure and withdrawal from operation of Lingkun Main Substation belongs to a Level II Response.,"The power dispatcher restores power supply through ring network cross-zone power supply; when a 110kV incoming line fails, contact the Wenzhou Power Supply Bureau dispatcher and the maintenance unit's power supply profession to determine the cause of the failure and the estimated recovery time.","Catenary power supply mode adjustment: 1) The catenary power supply section of Xiatang Main Substation is supplied with cross-zone power by Lingkun Main Substation through the Huanghua section post. 2) During cross-zone power supply, a minimum 10-minute interval tracking operation for trains between Qingdong Road Station and Liushi East Station can be guaranteed.","['The event involves the failure and withdrawal from operation of the Lingkun Main Substation.', 'The condition of only the Lingkun Main Substation failing is classified as a Level II Response.']","['The failure and withdrawal from operation of Xiatang Main Substation belongs to a Level II Response.', 'The failure and withdrawal from operation of Lingkun Main Substation belongs to a Level II Response.', 'The failure and withdrawal from operation of Renmin Road Main Substation belongs to a Level II Response.']","['The event involves the failure and withdrawal from operation of the Lingkun Main Substation.', 'The condition of only the Lingkun Main Substation failing is classified as a Level II Response.']","['The power dispatcher restores power via ring network cross-zone supply.', 'Coordination with Wenzhou Power Supply Bureau is required for 110kV incoming line faults.', 'Estimated recovery time is determined through coordination with the maintenance unit.']","[""Lingkun Main Substation provides cross-zone power to Xiatang's section via Huanghua post."", 'A 10-minute train tracking interval is guaranteed between Qingdong Road and Liushi East during cross-zone supply.']","[['The failure and withdrawal from operation of the Lingkun Main Substation **might not** be the only event that triggers this response level.', 'The event involves the failure of the **Xiatang Main Substation** rather than the Lingkun Main Substation.', 'The Lingkun Main Substation is forbidden from withdrawing from operation under any circumstances.'], ['The condition of only one substation failing **should** be classified as a Level III Response rather than Level II.', 'This condition is classified as a **Level I Response** to account for the severe impact on regional power.', 'A Level II Response is only triggered when **multiple main substations** fail simultaneously.']]"
The 'On-site Disposal Plan for Communication System Failures (Trial)' refers to the scope of application within the 'Special Emergency Plan for Communication System Emergency Failures (Trial)'.,The 'On-site Disposal Plan for Communication System Failures (Trial)' needs to refer to the scope of application within both the 'Special Emergency Plan for Communication System Emergency Failures (Trial)' and the 'Special Emergency Plan for Network Security Emergencies (Trial)'.,The 'On-site Disposal Plan for Communication System Failures (Trial)' refers to the scope of application within the 'Special Emergency Plan for Communication System Emergency Failures (Trial)'.,Risk Analysis: Refer to the risk analysis within the 'Special Emergency Plan for Communication System Emergency Failures (Trial)' and the 'Special Emergency Plan for Network Security Emergencies (Trial)'.,Division of Responsibilities: Execute according to the emergency command structure within the 'Special Emergency Plan for Communication System Emergency Failures (Trial)' and the 'Special Emergency Plan for Network Security Emergencies (Trial)'.,"[""The On-site Disposal Plan for Communication System Failures refers to the 'Special Emergency Plan for Communication System Emergency Failures'."", 'The reference is specifically for the scope of application.']","[""The On-site Disposal Plan must refer to the 'Special Emergency Plan for Communication System Emergency Failures'."", ""The On-site Disposal Plan must also refer to the 'Special Emergency Plan for Network Security Emergencies'."", 'The references concern the scope of application.']","[""The On-site Disposal Plan for Communication System Failures refers to the 'Special Emergency Plan for Communication System Emergency Failures'."", 'The reference is specifically for the scope of application.']","[""Risk analysis refers to the 'Special Emergency Plan for Communication System Emergency Failures'."", ""Risk analysis also refers to the 'Special Emergency Plan for Network Security Emergencies'.""]",['Division of responsibilities follows the emergency command structure in both superior plans.'],"[[""The On-site Disposal Plan for Communication System Failures **may** refer to the 'Special Emergency Plan for Communication System Emergency Failures' only as a non-binding guideline."", ""The On-site Disposal Plan for Communication System Failures refers primarily to the **'Special Emergency Plan for Network Security Emergencies'** rather than the communication one."", 'The On-site Disposal Plan for Communication System Failures is a standalone document and is prohibited from referring to any other emergency plans.'], ['The reference in the disposal plan **should** concern internal equipment maintenance protocols rather than the scope of application.', 'The plan refers to the **risk analysis and command structure** sections instead of the scope of application.', ""References to the scope of application are strictly forbidden in the 'On-site Disposal Plan for Communication System Failures'.""]]"
"When a sudden large passenger flow occurs at the station, the first discoverer shall report to the station duty officer in a timely manner. The station duty officer shall then inform the station duty master and the regional (deputy) station master. After the station duty master completes on-site confirmation, the station duty officer shall report to the OCC.","After receiving the report, the station duty master shall go to the scene to inspect, organize station personnel to guide passengers, and the station duty master shall notify the regional (deputy) station master.","When a sudden large passenger flow occurs at the station, the first discoverer shall report to the station duty officer in a timely manner. The station duty officer shall then inform the station duty master and the regional (deputy) station master. After the station duty master completes on-site confirmation, the station duty officer shall report to the OCC.",7.2.2 Other information that needs to be reported shall be handled in accordance with the 'Operational Emergency Information Notification Rules'.,"7.1.1 Activation Conditions: When a sudden large passenger flow occurs at the station, the station duty officer or station duty master shall promptly and truthfully report the on-site passenger flow situation to the OCC. The emergency plan shall be activated by the Emergency Command Center according to Table 2 'Disposal Grading Table'.","['The first discoverer reports sudden large passenger flow to the station duty officer.', 'The station duty officer informs the station duty master and regional (deputy) station master.', 'The station duty master performs on-site confirmation of the situation.', ""The station duty officer reports to the OCC after the master's confirmation.""]","['The station duty master goes to the scene to inspect after receiving the report.', 'The station duty master organizes station personnel to guide passengers.', 'The station duty master, rather than the duty officer, notifies the regional (deputy) station master.']","['The first discoverer reports sudden large passenger flow to the station duty officer.', 'The station duty officer informs the station duty master and regional (deputy) station master.', 'The station duty master performs on-site confirmation of the situation.', ""The station duty officer reports to the OCC after the master's confirmation.""]","[""Other information reporting follows the 'Operational Emergency Information Notification Rules'.""]","['Duty officers or masters report flow situations truthfully to the OCC.', 'The Emergency Command Center activates the emergency plan based on the grading table.']","[['The first discoverer **should** bypass the station duty officer and report directly to the OCC during high-volume events.', 'The first discoverer must notify the **security team** instead of the station duty officer upon discovering the flow.', 'It is prohibited for the first discoverer to report to the station duty officer without prior authorization from the station master.'], ['The station duty officer **can** omit informing the regional (deputy) station master to focus on local passenger management.', 'Informing the regional station master is the **exclusive responsibility** of the station duty master, not the duty officer.', ""The station duty officer must wait for the OCC's permission before informing any regional-level management.""], ['On-site confirmation by the station duty master **ought to** be skipped to save time during an emergency.', 'On-site confirmation is performed by the **on-scene security personnel** instead of the station duty master.', 'The station duty master is restricted from entering the scene for confirmation until the OCC approves it.'], [""The station duty officer **may** report to the OCC immediately upon discovery, without waiting for the master's confirmation."", ""Reporting to the OCC is strictly the **station duty master's job**, and the duty officer is forbidden from doing it."", ""The report to the OCC must be sent via **official fax** rather than by the station duty officer's verbal report.""]]"
A large-scale power outage at a station or depot refers to the loss of dual power supply at the 400V busbar of the substation.,"A large-scale power outage at a station or depot refers to the loss of dual power supply at the 400V busbar of the substation, but does not include Substation No. 2 of the Xiatang Depot.",A large-scale power outage at a station or depot refers to the loss of dual power supply at the 400V busbar of the substation.,"This plan is applicable to the emergency response work of large-scale power outage events occurring within the scope of the operating lines under the jurisdiction of the Operating Branch, and it is linked with the 'Comprehensive Emergency Plan for Operational Emergencies' in terms of emergency organization and responsibilities, response activation, and disposal measures.","Station (Depot): 400V power loss for more than 30 minutes at the station (depot): Level I response; 400V power loss at the station (depot), unable to restore power by changing the power supply mode: Level II response; 400V power loss at the station (depot), power can be restored by changing the power supply mode: Level III response.",['A large-scale power outage at a station or depot is defined as the loss of dual power supply at the 400V busbar of the substation.'],"['A large-scale power outage is defined by the loss of dual power supply at the 400V busbar.', 'Substation No. 2 of the Xiatang Depot is excluded from the definition of a station or depot large-scale power outage.']",['A large-scale power outage at a station or depot is defined as the loss of dual power supply at the 400V busbar of the substation.'],"[""The emergency plan covers large-scale power outages within the Operating Branch's jurisdiction."", ""The plan is integrated with the 'Comprehensive Emergency Plan for Operational Emergencies'.""]","['A Level I response is activated when 400V power is lost for more than 30 minutes at a station or depot.', 'A Level II response is activated when 400V power loss cannot be restored through switching modes.', 'A Level III response is activated when 400V power loss can be restored by changing the power supply mode.']","[['A large-scale power outage at a station or depot **may** be defined by the 400V busbar loss only if the duration exceeds 30 minutes.', 'The definition of a large-scale power outage at a station or depot **specifically excludes** Substation No. 2 of the Xiatang Depot.', 'A large-scale power outage is **not determined** by the 400V busbar status but by the total failure of the contact rail system.']]"
"When the ESB button is activated, the on-site emergency team is naturally formed.","When an equipment failure event occurs, the on-site emergency team can only be formed after the traffic dispatcher conducts an on-site assessment and issues an order.","When the ESB button is activated, the on-site emergency team is naturally formed.","When the ESB button is activated, on-site personnel shall promptly report to the traffic dispatcher and guide and appease passengers. On-site personnel shall promptly understand the situation, eliminate hazards as soon as possible, and restore operation. On-site personnel shall also handle coordination with relevant operational positions and information notification.","When the ESB button is activated, this on-site disposal plan is activated; after the incident is properly handled and the ESB button is restored, this on-site disposal plan is terminated.","['The ESB button is activated.', 'The on-site emergency team is naturally formed upon the activation of the ESB button.']","['The traffic dispatcher must perform an on-site assessment first.', 'The on-site emergency team can only be formed after the traffic dispatcher issues a specific order.']","['The ESB button is activated.', 'The on-site emergency team is naturally formed upon the activation of the ESB button.']","['On-site personnel report to the traffic dispatcher when the ESB is activated.', 'On-site personnel guide and appease passengers.', 'On-site personnel eliminate hazards and restore operation promptly.']","['The on-site disposal plan is activated by the ESB button activation.', 'The plan is terminated once the ESB button is restored and the situation is handled.']","[['The ESB button **might** be activated by accident, which does not trigger any official emergency status.', 'Instead of the ESB button, it is the **fire alarm system** that must be activated to start the procedure.', 'The activation of the ESB button is strictly prohibited unless authorized by the OCC.'], ['The on-site emergency team **shall not** be formed naturally; it requires a formal order from the traffic dispatcher after assessment.', 'The formation of the emergency team is **delayed** until the Station Master arrives at the platform.', 'No emergency team is ever formed solely based on an ESB button activation; it is an automated response only.']]"
"The track area refers to the area within the construction clearance range of the main line, distribution lines, and depot lines. Construction areas that exceed the construction clearance but whose vertical projection above is still within that clearance must be included in the track area management.","The track area refers to the area within the construction clearance range of the main line, distribution lines, and depot lines. Among them, construction within 1 meter of the station platform edge (including the upward projection area) is included in the track area management.","The track area refers to the area within the construction clearance range of the main line, distribution lines, and depot lines. Construction areas that exceed the construction clearance but whose vertical projection above is still within that clearance must be included in the track area management.","Construction that affects the operation of the main line and distribution lines, or construction that requires train operation in the track area of the main line or distribution lines, belongs to Category A.","Traffic-related operations entering the track area must be protected by setting red flashing lights as required; non-traffic operations do not need red flashing lights, but red flashing lights must be set after connecting the ground wire.","['The track area refers to the area within the construction clearance of main, distribution, and depot lines.', 'Construction areas exceeding construction clearance are included in track area management if their vertical projection is within the clearance.']","['The track area refers to the area within the construction clearance of main, distribution, and depot lines.', 'Construction within 1 meter of the station platform edge is included in track area management.', 'The 1-meter range around the platform edge includes its upward projection area.']","['The track area refers to the area within the construction clearance of main, distribution, and depot lines.', 'Construction areas exceeding construction clearance are included in track area management if their vertical projection is within the clearance.']","['Category A construction affects main line or distribution line traffic.', 'Category A construction involves train operations in the track area.']","['Traffic operations in the track area require red flashing lights for protection.', 'Non-traffic operations do not require red flashing lights unless a ground wire is connected.']","[['The track area **should** be defined only by the physical tracks, excluding the wider construction clearance zone.', 'The definition of the track area applies **strictly to the main line**, excluding distribution and depot lines.', 'Any area within the construction clearance range is **not necessarily** considered part of the track area.'], ['Construction areas exceeding the clearance **must not** be included in track area management, regardless of their vertical projection.', 'Only areas **physically within** the clearance, rather than their vertical projections, are managed as track areas.', 'Management of the track area **can** ignore vertical projections if the construction equipment remains outside the horizontal clearance.']]"
"According to the controllability, severity, and impact scope of sudden public network and information security events, network security incidents are divided into four levels: Level I (particularly significant network security incident), Level II (significant network security incident), Level III (larger network security incident), and Level IV (general network security incident).","According to the severity, sensitivity, urgency, and impact scope of information security emergencies, they are classified into Level 3 emergencies (general), Level 2 emergencies (major), and Level 1 emergencies (particularly major). When an emergency simultaneously meets the conditions for multiple levels, the level shall be determined according to the highest level.","According to the controllability, severity, and impact scope of sudden public network and information security events, network security incidents are divided into four levels: Level I (particularly significant network security incident), Level II (significant network security incident), Level III (larger network security incident), and Level IV (general network security incident).","One situation for Level II (significant network security incident) is: national secret information, the Group's important sensitive information, and key data are lost or tampered with, destroyed, leaked, or illegally obtained/utilized, posing a serious threat to national security and social stability.","One situation for Level III (larger network security incident) is: national secret information, the Group's important sensitive information, and key data are lost or tampered with, destroyed, leaked, or illegally obtained/utilized, posing a relatively serious threat to national security and social stability.","['Network security incidents are divided into four levels based on controllability, severity, and impact scope.', 'Level I is defined as a particularly significant network security incident.', 'Level II is defined as a significant network security incident.', 'Level III is defined as a larger network security incident.', 'Level IV is defined as a general network security incident.']","['Information security emergencies are classified into three levels: Level 3 (general), Level 2 (major), and Level 1 (particularly major).', 'Classification is based on severity, sensitivity, urgency, and impact scope.', 'The highest level applies if multiple level conditions are met simultaneously.']","['Network security incidents are divided into four levels based on controllability, severity, and impact scope.', 'Level I is defined as a particularly significant network security incident.', 'Level II is defined as a significant network security incident.', 'Level III is defined as a larger network security incident.', 'Level IV is defined as a general network security incident.']","['Level II involves the loss, tampering, or illegal acquisition of national secrets or Group sensitive info.', 'Level II poses a serious threat to national security and social stability.']","['Level III involves the loss or destruction of national secrets or key data.', 'Level III poses a relatively serious threat to national security and social stability.']","[['Network security incidents are categorized into **six levels** to match international cybersecurity standards.', 'The classification of network security incidents is based **exclusively on the duration** of the system outage.', 'Network security incidents are **not divided into levels** and are handled on a case-by-case basis without grading.'], ['Level I is officially designated as a **minor system glitch** with no external impact.', 'The highest emergency level is **Level V**, which represents particularly significant incidents.', 'Level I network security incidents are defined as **routine maintenance events** rather than significant incidents.'], ['Level II is classified as a **temporary service interruption** rather than a significant incident.', 'Significant network security incidents are assigned to **Level III** in the updated emergency framework.', 'A Level II incident is defined as a **localized hardware failure** with no security implications.'], ['Level III is defined as an **extremely rare catastrophe** that exceeds the scope of Level I.', 'Level III incidents are referred to as **insignificant background noise** in the security monitoring report.', 'Larger network security incidents are categorized under **Level II** rather than Level III.'], ['Level IV is defined as a **critical infrastructure collapse** requiring immediate national intervention.', 'General network security incidents are classified as **Level I** to ensure maximum attention from management.', 'Level IV is reserved for **test drills** and does not apply to real-world general security incidents.']]"
"When it is determined that a main substation has failed and withdrawn from operation, perform the following operations: restore power supply through support from adjacent main substations; failure and withdrawal of Xiatang Main Substation; failure and withdrawal of Lingkun Main Substation; after the failure and withdrawal of Renmin Road Main Substation.","When it is determined that a main substation has failed and withdrawn from operation, directly refer to the 'Main Substation Failure and Withdrawal from Operation Disposal Procedure'.","When it is determined that a main substation has failed and withdrawn from operation, perform the following operations: restore power supply through support from adjacent main substations; failure and withdrawal of Xiatang Main Substation; failure and withdrawal of Lingkun Main Substation; after the failure and withdrawal of Renmin Road Main Substation.","2) The up and down catenary from Lingkun Station to Shacheng Station (excluding Shacheng Station) is preferentially supplied with cross-zone power by Wenzhou Main Substation through the 27.5kV busbar of Lingkun Main Substation; it can also be supplied through the catenary tie switches of S1 and S2 lines near Lingkun Station. This can guarantee that only one train is allowed to start in the up or down direction, and only one pair of trains is allowed to run in the up and down directions between Lingkun Station and Shacheng Station (excluding Shacheng Station).",The section from Liushi East Station to Jiangnan Ventilation Shaft Substation is supplied with cross-zone power by Xiatang Main Substation through the 20kV ring network tie switch of Wengyang Station Substation.,"['A main substation is determined to have failed and withdrawn from operation.', 'Power supply is restored through support from adjacent main substations.', 'The procedure applies to the failure and withdrawal of Xiatang Main Substation.', 'The procedure applies to the failure and withdrawal of Lingkun Main Substation.', 'The procedure applies after the failure and withdrawal of Renmin Road Main Substation.']","['A main substation is determined to have failed and withdrawn from operation.', ""The 'Main Substation Failure and Withdrawal from Operation Disposal Procedure' is directly referred to and executed.""]","['A main substation is determined to have failed and withdrawn from operation.', 'Power supply is restored through support from adjacent main substations.', 'The procedure applies to the failure and withdrawal of Xiatang Main Substation.', 'The procedure applies to the failure and withdrawal of Lingkun Main Substation.', 'The procedure applies after the failure and withdrawal of Renmin Road Main Substation.']","[""Wenzhou Main Substation preferentially supplies cross-zone power to the Lingkun to Shacheng section via Lingkun's 27.5kV busbar."", 'Alternative supply for Lingkun to Shacheng is available through S1 and S2 line tie switches.', 'Operational constraints: only one train start per direction or one pair of trains is allowed between Lingkun and Shacheng.']","[""Xiatang Main Substation supplies cross-zone power to the Jiangnan Ventilation Shaft Substation via Wengyang Station's 20kV ring network switch.""]","[['The main substation **might not** have actually failed; it could be a sensor error showing withdrawal from operation.', 'The system determines that the **auxiliary substation**, rather than the main substation, has failed and withdrawn from operation.', 'The main substation is forbidden from withdrawing from operation regardless of any detected internal failures.'], ['Power supply **must** be restored using backup generators on-site instead of support from adjacent main substations.', 'Support from adjacent main substations is strictly prohibited to avoid cascading failures across the grid.', 'The restoration of power through adjacent substations **ought to** be avoided unless the regional grid commander approves it.'], ['The procedure for Xiatang Main Substation **should** focus on isolation rather than restoring power through neighbors.', 'Xiatang Main Substation is excluded from this specific disposal procedure due to its unique high-voltage configuration.', 'The withdrawal of Xiatang Main Substation is handled as a **Level IV incident**, which bypasses standard restoration steps.'], ['For Lingkun Main Substation, the failure **can** be ignored if the secondary busbar is still energized.', 'The failure of Lingkun Main Substation requires immediate **bus-tie disconnection** rather than restoration attempts.', 'The withdrawal of Lingkun Main Substation triggers an automated shutdown of the entire line, making restoration moot.'], ['After the failure of Renmin Road Main Substation, the priority **must** be passenger evacuation rather than technical restoration.', 'Renmin Road Main Substation withdrawal leads to a mandatory **4-hour downtime** before any support is permitted.', 'The failure of Renmin Road Main Substation is not covered by the adjacent support protocol and requires central bureau intervention.']]"
"After the incident occurs, immediately report to the department head, the department head reports to the leader in charge, the leader in charge reports to the General Manager, and the General Manager decides to activate the response.","The unit involved should report to the Group Cyber Security and Information Office as soon as possible after the incident occurs, and the Group Cyber Security and Information Office reports to the Group Cyber Security and Information Leadership Group. The Group Cyber Security and Information Leadership Group decides whether to activate the response based on the level of the incident.","After the incident occurs, immediately report to the department head, the department head reports to the leader in charge, the leader in charge reports to the General Manager, and the General Manager decides to activate the response.","After the Level I and II emergency responses are activated, the leader of the emergency leadership group and the on-site general commander shall respectively take the lead in organizing emergency meetings to understand the causes and scope of the emergency incidents and arrange for emergency rescue and repair work.","(I) Basic information of the incident: 1. Time of occurrence; 2. Discovery path: report from superiors, self-discovery, etc.; 3. Information of the involved system: system type and version, importance, deployment address, domain name, IP, etc.; 4. Data processing situation: type and quantity of data processed by the system, types and versions of the involved databases.","['After the incident occurs, immediately report to the department head.', 'The department head reports to the leader in charge.', 'The leader in charge reports to the General Manager.', 'The General Manager decides whether to activate the response.']","['The unit involved reports to the Group Cyber Security and Information Office as soon as possible after the incident.', 'The Group Cyber Security and Information Office reports to the Group Cyber Security and Information Leadership Group.', 'The Group Cyber Security and Information Leadership Group decides whether to activate the response based on the incident level.']","['After the incident occurs, immediately report to the department head.', 'The department head reports to the leader in charge.', 'The leader in charge reports to the General Manager.', 'The General Manager decides whether to activate the response.']","['Emergency meetings are organized by the leadership group leader and on-site commander for Level I and II responses.', 'The meetings aim to understand causes, impact scope, and deploy rescue work.']","['Basic incident information includes the time of occurrence.', 'Discovery paths include superior notification or self-discovery.', 'Involved system info includes type, version, importance, address, domain, and IP.', 'Data info includes type/quantity of data and database types/versions.']","[['After the incident occurs, the report should be delayed until the primary investigation is complete.', 'The incident should be reported to the on-site duty officer instead of the department head.', 'No immediate report to the department head is required after the incident occurs.'], ['The department head should keep the information within the department instead of reporting to the leader in charge.', 'The department head reports to the General Manager directly, bypassing the leader in charge.', 'The safety officer, not the department head, reports to the leader in charge.'], ['The leader in charge reports to the board of directors instead of the General Manager.', 'The leader in charge reports to the external authorities before informing the General Manager.', 'No report to the General Manager is necessary from the leader in charge.'], ['The department head, not the General Manager, decides whether to activate the response.', 'The response activation is automatic and does not require a decision from the General Manager.', 'The General Manager is prohibited from deciding the response activation alone.']]"
"When there is no danger, the traffic dispatcher's work is to confirm the on-site situation with the station duty master and report to the traffic dispatcher, then perform double confirmation to press the 'Cancel Emergency Stop' button on the IBP panel according to the traffic dispatcher's order.","To prevent misoperation, the transit police must be notified to file a record on-site before canceling the emergency stop state, and execution is only permitted after police confirmation.","When there is no danger, the traffic dispatcher's work is to confirm the on-site situation with the station duty master and report to the traffic dispatcher, then perform double confirmation to press the 'Cancel Emergency Stop' button on the IBP panel according to the traffic dispatcher's order.","When there is a real danger, the duty officer's work is to assist the station duty master in handling the incident on-site. When there is no danger, the duty officer's work is to confirm the on-site situation with the station duty master and report it to the traffic dispatcher, then double-confirm based on the traffic dispatcher's order.","When there is a real danger, the station attendant's work is to assist the station duty master, handle the incident on-site, maintain order, and explain to passengers. When there is no danger, the station attendant's work is to find the perpetrator and strengthen monitoring before the platform ESB button is resealed.","['When there is no danger, the situation on-site is confirmed with the station duty master.', 'The on-site situation is reported to the traffic dispatcher.', ""The 'Cancel Emergency Stop' button on the IBP panel is pressed based on the traffic dispatcher's order."", 'The button pressing requires double confirmation by two people.']","['Transit police must be notified before canceling the emergency stop.', 'Transit police must file an on-site record before the state is canceled.', 'Confirmation from the police is required before execution.']","['When there is no danger, the situation on-site is confirmed with the station duty master.', 'The on-site situation is reported to the traffic dispatcher.', ""The 'Cancel Emergency Stop' button on the IBP panel is pressed based on the traffic dispatcher's order."", 'The button pressing requires double confirmation by two people.']","['The duty officer assists in on-site disposal during real danger.', 'The duty officer reports to the traffic dispatcher if no danger is confirmed.', 'The duty officer performs double-confirmation for button operation under dispatcher orders.']","['Station attendants maintain order and provide passenger explanation during danger.', 'Station attendants search for perpetrators when there is no danger.', 'Station attendants guard the ESB button until it is resealed.']","[['The on-site situation **must not** be confirmed with the station duty master; instead, it requires verification from the transit police.', 'Confirmation with the station duty master is **insufficient**; external safety auditors must also sign off on the status.', 'The situation is confirmed **solely by the driver** without involvement from the station duty master.'], ['The report **should be directed to the transit police** for filing a record instead of the traffic dispatcher.', 'No reporting to the traffic dispatcher is required for no-danger events.', 'The report **must be submitted in writing** to the Safety Department rather than verbally to the traffic dispatcher.'], [""Pressing the 'Cancel Emergency Stop' button **is prohibited** until a police officer confirms the scene in person."", 'The button **must only be pressed** after the Station Master, not the dispatcher, provides the code.', 'IBP panel operations are strictly forbidden during the day and must wait until the end of service.'], ['The button pressing **does not require** double confirmation and can be performed by a single employee.', 'Double confirmation is **replaced by** a mandatory presence of three different department heads.', 'The requirement for two people to confirm is waived if the station duty master is at the panel.']]"
"For incidents determined as Level I and Level II network security incidents, the relevant departments as required by the 'Operational Emergency Information Notification Rules' shall report to the relevant departments of the Group. For incidents determined as Level III and Level IV, the Technical Contract Department shall report to the relevant departments of the Group.","After a network security incident occurs, the involved unit should immediately activate the emergency plan, implement disposal, and report information in a timely manner. For incidents initially determined as particularly significant, significant, larger, or general network security incidents, the involved unit should immediately report the brief situation and contact person to the Group Cyber Security and Information Office via phone, fax, etc.","For incidents determined as Level I and Level II network security incidents, the relevant departments as required by the 'Operational Emergency Information Notification Rules' shall report to the relevant departments of the Group. For incidents determined as Level III and Level IV, the Technical Contract Department shall report to the relevant departments of the Group.","7.3 Information reporting content. 7.3.1 Time and location of occurrence; 7.3.2 Name, title, and contact information of the reporting person; 7.3.3 Name of the basic network system where the incident occurred; 7.3.4 Brief process of the incident; 7.3.5 Preliminary cause of the incident and its impact on operation or service; 7.3.6 Measures already taken; 7.3.7 Other situations that should be reported.","After the activation of Level I and II emergency responses, the head of the emergency leadership group and the on-site general commander shall respectively lead and organize emergency meetings, understand the causes and scope of the emergency incidents, and plan for emergency rescue and repair work.","[""Level I and II network security incidents are reported to Group departments by departments specified in the 'Operational Emergency Information Notification Rules'."", 'Level III and IV network security incidents are reported to Group departments by the Technical Contract Department.']","['The unit involved must activate the emergency plan and implement disposal immediately after a network security incident.', 'For all levels (particularly significant, significant, larger, or general), the involved unit must immediately report the brief situation and contact info to the Group Cyber Security and Information Office.', 'Reporting methods include phone, fax, etc.']","[""Level I and II network security incidents are reported to Group departments by departments specified in the 'Operational Emergency Information Notification Rules'."", 'Level III and IV network security incidents are reported to Group departments by the Technical Contract Department.']","['Reporting content includes time, location, reporter info, system name, incident process, impact, measures taken, and other details.']",['Emergency meetings for Level I/II responses are led by the leadership group head and on-site commander to assess causes and scope.'],"[['Level I and II incidents **should** be reported directly to the Group Cyber Security and Information Office by the involved unit rather than via specified departments.', 'Reporting of Level I and II incidents is **exclusively handled** by the Technical Contract Department, bypassing the standard notification rules.', ""The 'Operational Emergency Information Notification Rules' **do not apply** to Level I and II network security incidents; a separate protocol is used.""], ['Level III and IV incidents **must be reported** by the station master or the unit involved rather than the Technical Contract Department.', 'The Technical Contract Department **is forbidden** from reporting Level III and IV incidents to the Group to prevent information leakage.', ""For Level III and IV incidents, the involved unit **ought to** report directly to municipal authorities instead of the Group's relevant departments.""]]"
"On-site personnel's emergency response follows the principle of 'disposal first, then report', and the regional station master or team leader is the first person responsible for emergency information reporting.","When on-site personnel discover equipment failure or an emergency occurs, they must report to the OCC immediately. If a detailed report cannot be made in the first instance, a follow-up report should be made to the OCC promptly after further understanding.","On-site personnel's emergency response follows the principle of 'disposal first, then report', and the regional station master or team leader is the first person responsible for emergency information reporting.","The regional station master or team leader is the first person responsible for emergency information reporting at the station or workshop, and the hotline management engineer is the first person responsible for hotline emergency information reporting. They must ensure the audit and control of emergency information reporting.","When an emergency occurs, after the station or workshop reports to the OCC in the first instance, the regional station master, team leader, or hotline management engineer shall notify the center head or professional engineer by phone based on the severity and handle internal information reporting via ZheZhengDing.","[""On-site personnel follow the 'disposal first, then report' principle during emergencies."", 'The regional station master or team leader is the first person responsible for reporting emergency information.']","['Personnel must report to the OCC immediately upon discovering a failure or emergency.', 'Follow-up reports must be sent to the OCC if the initial report was not detailed.']","[""On-site personnel follow the 'disposal first, then report' principle during emergencies."", 'The regional station master or team leader is the first person responsible for reporting emergency information.']","['Regional station masters and team leaders are primary responsible persons for station/workshop reports.', 'Hotline management engineers are primary responsible persons for hotline reports.', 'Responsible persons must audit and control the reporting process.']","['The station or workshop reports to the OCC in the first instance.', 'The regional station master or leader notifies center heads based on severity.', 'Internal information reporting is handled through ZheZhengDing.']","[['On-site personnel must **report to the OCC immediately** before taking any disposal actions.', 'Emergency procedures require a **formal report approval** from the control center before on-site disposal can begin.', ""The 'disposal first' principle is strictly prohibited in cases involving high-voltage equipment, where reporting is the absolute priority.""], ['The **first discoverer on-site** is the first person responsible for emergency information reporting, regardless of their rank.', 'The **OCC dispatcher**, not the regional station master, holds the primary responsibility for the accuracy of emergency reports.', 'Reporting responsibility lies solely with the **Safety Department head**, and regional station masters are excluded from this duty.']]"
The end of the emergency and the termination of the emergency plan are published by the Emergency Command Center based on the report from the On-site Command Headquarters.,"When the following conditions are simultaneously met, the termination of emergency response for larger and above incidents shall be decided by the Group Cyber Security and Information Leadership Group and announced by the Group Cyber Security and Information Office; for general incidents, the Group Cyber Security and Information Office shall evaluate and propose suggestions for terminating the response, which shall be announced after approval by relevant Group leaders.",The end of the emergency and the termination of the emergency plan are published by the Emergency Command Center based on the report from the On-site Command Headquarters.,"After the emergency handling of a network security incident is completed, the responsible department shall complete and submit the 'Network Security Incident Report Form' (see Appendix A) to the Technical Contract Department within 3 days.","After the activation of Level I and II emergency responses, the head of the emergency leadership group and the on-site general commander shall respectively lead and organize emergency meetings, understand the causes and scope of the emergency incidents, and plan for emergency rescue and repair work.","['The Emergency Command Center publishes the end of the emergency.', 'The Emergency Command Center publishes the termination of the emergency plan.', 'The decision is based on reports from the On-site Command Headquarters.']","['For larger and above incidents, the Group Cyber Security and Information Leadership Group decides to end the response.', 'For larger and above incidents, the Group Cyber Security and Information Office announces the termination.', 'For general incidents, the Group Cyber Security and Information Office evaluates and suggests termination.', 'For general incidents, termination is announced after approval by relevant Group leaders.']","['The Emergency Command Center publishes the end of the emergency.', 'The Emergency Command Center publishes the termination of the emergency plan.', 'The decision is based on reports from the On-site Command Headquarters.']","[""A 'Network Security Incident Report Form' must be submitted after emergency handling."", 'The report must be submitted to the Technical Contract Department within 3 days.']","['For Level I/II responses, the leadership group head and on-site commander organize meetings.', 'The meetings aim to assess causes and scope and deploy rescue work.']","[['The end of the emergency **may** be declared by the on-site team leader instead of the Emergency Command Center.', 'The Emergency Command Center is **prohibited** from publishing the end of the emergency without a written order from the General Manager.', 'The end of the emergency is announced by the **local police**, not the Emergency Command Center.'], ['The termination of the emergency plan **should** occur automatically when the technical fault is cleared, without a formal publication.', 'The emergency plan termination is published by the **Maintenance Department** rather than the Emergency Command Center.', 'Emergency plan termination is only valid if published in the **Group’s official newsletter**.'], ['The publication decision **ought to** be based on media reports rather than information from the On-site Command Headquarters.', 'Reports from the On-site Command Headquarters are **disregarded** when deciding on the termination of the plan.', 'Only the **Group CEO**, not the On-site Command Headquarters, provides the necessary reports for termination.']]"
"The passwords of the management systems of the Operating Branch must be guaranteed to be changed at least once a quarter, including: UNIX/Linux system user passwords, network device privileged passwords, Windows system user passwords, application system user passwords, web user passwords, etc.","The account password for the construction management system is valid for 1 year, and account password updates must be completed before January 10th each year.","The passwords of the management systems of the Operating Branch must be guaranteed to be changed at least once a quarter, including: UNIX/Linux system user passwords, network device privileged passwords, Windows system user passwords, application system user passwords, web user passwords, etc.","The Operating Branch Information Security Implementation Group should regularly inspect and audit production system accounts, including: employees who have actually resigned but the production system account has not been canceled; employees working in the Operating Branch who should not be granted access rights to the production system.","The production systems of the Operating Branch should set up audit user permissions. Audit users should have relatively complete read permissions and should be able to read system critical files, check system settings and system logs, etc.","[""The passwords of the Operating Branch's management systems must be changed at least quarterly."", 'The requirement covers UNIX/Linux system user passwords and network device privileged passwords.', 'The requirement covers Windows system user passwords, application system user passwords, and web user passwords.']","['The account password for the construction management system is valid for 1 year.', 'Account password updates for the construction management system must be completed before January 10th each year.']","[""The passwords of the Operating Branch's management systems must be changed at least quarterly."", 'The requirement covers UNIX/Linux system user passwords and network device privileged passwords.', 'The requirement covers Windows system user passwords, application system user passwords, and web user passwords.']","['The Information Security Implementation Group regularly audits production system accounts.', 'The audit checks for accounts belonging to resigned employees or unauthorized current employees.']","['Production systems must establish audit user roles with comprehensive read permissions.', 'Audit users must be able to access critical files, settings, and system logs.']","[[""The passwords for the Operating Branch's management systems **should** be valid for a full year to avoid frequent disruption."", 'A **monthly** password rotation cycle is mandatory for all management systems to comply with higher security standards.', ""The change frequency for management system passwords is determined by the **system administrator's discretion** rather than a fixed quarterly rule.""], ['UNIX/Linux and network device passwords **are exempt** from the mandatory rotation policy due to their critical nature.', 'Only **root-level** UNIX passwords require quarterly changes, while standard user passwords remain permanent.', 'Network device privileged passwords **must never** be changed via remote management systems for security reasons.'], ['Windows and web user passwords **ought to** be updated only when a security breach is suspected.', 'Application system passwords **may** use biometric authentication instead of a quarterly password rotation.', 'The policy for Windows and web passwords is restricted to **once every two years** to maintain user productivity.']]"
